iter,dMr,dMb,sumR_r,sumR_b,sumdacc_r,sumdacc_b,resid_r,resid_b
0,-3.216930053895e-05,-7.900292985141e-06,1.949721192460e-08,6.132614934626e-06,-3.218879775088e-05,-1.403290791977e-05,0.000000000000e+00,0.000000000000e+00
1,-1.138555307989e-05,-1.367771437799e-05,1.336494523899e-05,6.519874099706e-06,-2.475049740939e-05,-2.019758802295e-05,-9.094947017729e-13,-4.547473508865e-13
2,-2.439618037897e-05,2.648639565450e-06,-5.443671703796e-06,1.680575591895e-05,-1.895250594669e-05,-1.415711544400e-05,-2.728484105319e-12,-9.094947017729e-13
3,-2.266941373819e-05,-4.357467332738e-06,3.737521247114e-06,5.390825325684e-06,-2.640693862328e-05,-9.748294022664e-06,3.637978807092e-12,1.364242052659e-12
4,-2.274383587064e-05,-5.142777808942e-06,-7.517880648509e-06,9.339246195127e-06,-1.522595613163e-05,-1.448202309457e-05,9.094947017729e-13,-9.094947017729e-13
5,-1.506783883087e-05,-1.339672235190e-05,-3.605557505689e-06,5.867143313705e-06,-1.146228132518e-05,-1.926386521086e-05,0.000000000000e+00,-4.547473508865e-13
6,-5.531921488000e-06,-1.171963958768e-06,2.274603958369e-05,1.558503152985e-05,-2.827795743371e-05,-1.675699639811e-05,-3.637978807092e-12,9.094947017729e-13
7,-1.830195833463e-05,-6.893969839439e-06,7.537061794920e-06,9.370444975097e-06,-2.583902558652e-05,-1.626441526928e-05,5.456968210638e-12,4.547473508865e-13
8,4.608285962604e-06,6.742820914951e-06,1.140279618114e-05,1.518766323305e-05,-6.794507490051e-06,-8.444841863354e-06,-2.728484105319e-12,-4.547473508865e-13
9,-2.292413410032e-05,-3.600889613153e-06,6.697229800467e-06,7.235944336650e-06,-2.962136526503e-05,-1.083683394980e-05,1.364242052659e-12,0.000000000000e+00
10,-1.612891355762e-05,9.471277735429e-07,-8.355498427210e-06,1.720797044266e-05,-7.773411947181e-06,-1.626084312386e-05,-3.183231456205e-12,4.547473508865e-13
11,-1.858728137449e-05,5.946198143647e-06,7.797941382754e-06,1.381339637447e-05,-2.638522366674e-05,-7.867197776071e-06,9.094947017729e-13,-4.547473508865e-13
12,-1.394887658535e-05,-1.098035500036e-05,6.678456897883e-06,1.169389247269e-05,-2.062733712121e-05,-2.267424701829e-05,3.637978807092e-12,-4.547473508865e-13
13,-2.375679105171e-05,7.090096914908e-06,5.830300197478e-06,2.259367590658e-05,-2.958708761121e-05,-1.550357899167e-05,-3.637978807092e-12,0.000000000000e+00
14,8.534429071005e-06,-1.237436663359e-05,1.155152035003e-05,9.490649274281e-06,-3.017094007504e-06,-2.186501681737e-05,2.728484105319e-12,9.094947017729e-13
15,-1.973765756702e-05,-1.341966708424e-06,1.277522886427e-05,1.668449180691e-05,-3.251288279331e-05,-1.802645760584e-05,-3.637978807092e-12,-9.094947017729e-13
16,-1.969719596673e-05,-3.807326720562e-07,7.409847268565e-06,1.411317176302e-05,-2.710704869226e-05,-1.449390534457e-05,5.456968210638e-12,9.094947017729e-13
17,-2.379143552389e-05,-5.278037860990e-06,1.683894426695e-05,3.760949584808e-06,-4.063037888134e-05,-9.038987445798e-06,-9.094947017729e-13,0.000000000000e+00
18,-2.156019036192e-05,-1.558473741170e-06,2.172750281192e-06,8.091974335352e-06,-2.373293518615e-05,-9.650447167027e-06,-5.456968210638e-12,-9.094947017729e-13
19,-2.544264134485e-05,-1.361498289043e-05,3.636354888076e-06,5.557193514550e-06,-2.907900259939e-05,-1.917217685973e-05,6.366462912410e-12,4.547473508865e-13
20,-1.709967182251e-05,-3.312718035886e-06,1.357034107965e-05,1.266838547118e-05,-3.067001062842e-05,-1.598110305231e-05,-2.273736754432e-12,-4.547473508865e-13
21,-1.606249497854e-05,-4.088524292456e-07,6.851554103445e-06,1.504899396265e-05,-2.291404862724e-05,-1.545784684664e-05,-4.547473508865e-13,4.547473508865e-13
22,-2.632590621943e-06,3.565150109353e-06,1.596800105366e-06,1.960172294229e-05,-4.229387544077e-06,-1.603657328769e-05,-3.183231456205e-12,4.547473508865e-13
23,-1.109203003580e-05,-6.715041308780e-06,5.812772113120e-06,9.078555066922e-06,-1.690480260366e-05,-1.579359683045e-05,4.547473508865e-13,4.547473508865e-13
24,-4.186720616417e-06,-8.291797712445e-06,2.023660407383e-05,1.730915640294e-05,-2.442332605449e-05,-2.560095184165e-05,1.364242052659e-12,-2.273736754432e-12
25,5.909321771469e-06,9.654359018896e-07,3.958655277656e-07,1.460160433719e-05,5.513455788956e-06,-1.363616889004e-05,4.547473508865e-13,4.547473508865e-13
26,1.165734647657e-05,-6.146390660433e-06,1.244204117437e-05,1.590813981912e-05,-7.846974262828e-07,-2.205453184380e-05,2.728484105319e-12,1.364242052659e-12
27,-1.352624531137e-05,-9.421946742805e-06,1.893476325249e-06,7.550772516003e-06,-1.541971890813e-05,-1.697271971355e-05,-2.728484105319e-12,4.547473508865e-13
28,-8.822520612739e-06,-1.096618143492e-05,1.989788753913e-05,1.559865321103e-05,-2.872040906136e-05,-2.656483282697e-05,9.094947017729e-13,-1.818989403546e-12
29,-7.416805601679e-06,4.007641109638e-06,8.631235293787e-06,1.041863408949e-05,-1.604804089547e-05,-6.410993434598e-06,0.000000000000e+00,4.547473508865e-13
30,-2.021947148023e-05,-5.144911483512e-06,2.380147200354e-06,1.037014582755e-05,-2.259961777109e-05,-1.551505867530e-05,-9.094947017729e-13,1.364242052659e-12
31,-2.378394856350e-05,1.874594090623e-06,-7.605992375894e-06,1.478619014406e-05,-1.617795618761e-05,-1.291159605344e-05,0.000000000000e+00,0.000000000000e+00
32,-2.724823207245e-05,-4.696774340118e-06,6.890749401492e-06,1.411139167267e-05,-3.413898238344e-05,-1.880816419380e-05,9.094947017729e-13,-1.818989403546e-12
33,-2.210384627688e-05,-1.596068614163e-06,-1.207459822420e-05,1.458316997050e-05,-1.002924623369e-05,-1.617923949416e-05,-1.818989403546e-12,9.094947017729e-13
34,-7.125217962312e-06,-1.827743471949e-05,-2.358190994270e-06,5.817886688280e-06,-4.767026513294e-06,-2.409532186252e-05,-4.547473508865e-13,4.547473508865e-13
35,-1.275264003198e-05,-8.336495739059e-06,1.859896239731e-06,1.431781849653e-05,-1.461253763595e-05,-2.265431469033e-05,1.364242052659e-12,4.547473508865e-13
36,-2.245837822556e-05,3.004963218700e-06,5.537907039512e-06,1.374013736506e-05,-2.799628344609e-05,-1.073517414636e-05,-1.818989403546e-12,0.000000000000e+00
37,-5.383427560446e-05,-2.420485543553e-06,-5.811944331369e-06,1.231295051463e-05,-4.802233354683e-05,-1.473343514869e-05,2.273736754432e-12,-9.094947017729e-13
38,-5.878689989913e-06,2.513843355700e-06,2.447761191178e-06,1.484352346699e-05,-8.326449816850e-06,-1.232967965654e-05,-1.364242052659e-12,-4.547473508865e-13
39,-1.225955566042e-05,-5.368845449993e-06,8.021776605223e-06,1.741474847875e-05,-2.028133226564e-05,-2.278359483824e-05,0.000000000000e+00,9.094947017729e-13
40,-7.436530722771e-06,3.184315573890e-06,7.378971864655e-06,1.779930908018e-05,-1.481550349692e-05,-1.461499350629e-05,9.094947017729e-13,0.000000000000e+00
41,-2.435563874315e-05,-4.645742592402e-06,4.014124434345e-06,1.867936851738e-05,-2.836976408698e-05,-2.332511065504e-05,9.094947017729e-13,-4.547473508865e-13
42,-1.853726644185e-05,1.004292244033e-05,5.030036899108e-06,2.207094538152e-05,-2.356730197672e-05,-1.202802339594e-05,-1.364242052659e-12,4.547473508865e-13
43,-9.839597623795e-06,-8.866778443917e-06,-1.131018162151e-06,1.289205194483e-05,-8.708578097403e-06,-2.175883038875e-05,-1.364242052659e-12,0.000000000000e+00
44,-1.177055673907e-05,-1.593842171133e-06,1.466909010114e-05,1.157272112336e-05,-2.643964774970e-05,-1.316656193025e-05,9.094947017729e-13,-1.364242052659e-12
45,-3.171278513037e-05,-6.475525879068e-06,-3.465913511206e-06,5.644865404335e-06,-2.824687070967e-05,-1.212039128340e-05,-9.094947017729e-13,0.000000000000e+00
46,-2.289323674631e-05,-1.674778104643e-06,5.947934832055e-06,1.238964802862e-05,-2.884117521635e-05,-1.406442704276e-05,3.637978807092e-12,9.094947017729e-13
47,-2.175378176617e-05,3.249298970331e-06,8.223081770018e-06,1.829931180026e-05,-2.997686080770e-05,-1.505001282993e-05,-2.728484105319e-12,0.000000000000e+00
48,-1.439355037292e-05,9.435829269933e-06,-1.810187760597e-06,1.969431290045e-05,-1.258336079333e-05,-1.025848363052e-05,-1.818989403546e-12,0.000000000000e+00
49,-8.045331924222e-06,-4.195195288048e-06,2.636767251165e-05,1.675298469976e-05,-3.441300898335e-05,-2.094818044255e-05,4.547473508865e-12,4.547473508865e-13
50,1.428050381946e-05,-2.010867319768e-06,2.645540296477e-05,1.134550035083e-05,-1.217489732632e-05,-1.335636767060e-05,-1.818989403546e-12,0.000000000000e+00
51,-7.604176062159e-06,-1.992053512367e-06,5.803301184348e-06,1.899782987102e-05,-1.340747633701e-05,-2.098988247390e-05,-9.094947017729e-13,-9.094947017729e-13
52,-1.010441701510e-05,-5.351728759706e-06,5.918074968351e-06,1.514070134534e-05,-1.602249744042e-05,-2.049243192404e-05,5.456968210638e-12,1.818989403546e-12
53,-2.064500586130e-05,-1.075318141375e-05,1.359233922169e-06,1.231427309972e-05,-2.200423887397e-05,-2.306745405872e-05,-9.094947017729e-13,-4.547473508865e-13
54,-1.218748366227e-05,-8.000855814316e-06,1.084331295329e-05,1.019490091677e-05,-2.303079479657e-05,-1.819575536684e-05,-1.818989403546e-12,-1.364242052659e-12
55,-1.342100949842e-05,-3.617171387305e-06,1.271426871973e-05,1.438315895798e-05,-2.613527730865e-05,-1.800033034528e-05,-9.094947017729e-13,0.000000000000e+00
56,-1.489673377364e-05,-1.484266795160e-05,1.793015560206e-05,1.047818729328e-05,-3.282688937570e-05,-2.532085660912e-05,0.000000000000e+00,1.364242052659e-12
57,-7.888549589552e-06,1.792292096070e-06,2.869729567394e-05,2.153310745865e-05,-3.658584526349e-05,-1.974081445308e-05,0.000000000000e+00,-9.094947017729e-13
58,1.944863470271e-06,-1.001403506962e-05,2.636179332528e-05,1.748906274649e-05,-2.441692894552e-05,-2.750309781610e-05,-9.094947017729e-13,0.000000000000e+00
59,-1.245928069693e-05,4.329916919232e-06,1.539242735399e-05,2.370220467304e-05,-2.785170896042e-05,-1.937228866330e-05,9.094947017729e-13,9.094947017729e-13
60,3.269269654993e-07,6.039661457180e-06,1.670783495206e-05,2.680652542303e-05,-1.638091116979e-05,-2.076686305635e-05,3.183231456205e-12,-9.094947017729e-13
61,-9.014787792694e-06,2.735047019087e-06,2.716088836525e-05,1.395198613857e-05,-3.617567479370e-05,-1.121693866474e-05,-1.364242052659e-12,-4.547473508865e-13
62,9.593713912182e-07,8.239967428381e-07,2.324819505914e-05,1.872368628435e-05,-2.228882002994e-05,-1.789968999626e-05,-3.637978807092e-12,4.547473508865e-13
63,-6.092930561863e-06,-1.408408024872e-05,1.639753568598e-05,8.433371994630e-06,-2.249046351936e-05,-2.251745269810e-05,-2.728484105319e-12,4.547473508865e-13
64,-6.365742592607e-06,-8.779839845374e-06,1.979216487397e-05,1.140852889692e-05,-2.615791292355e-05,-2.018836828755e-05,5.456968210638e-12,-4.547473508865e-13
65,-2.060621773126e-05,-3.048007783946e-07,1.023000184387e-05,1.532809008913e-05,-3.083622139411e-05,-1.563289132228e-05,1.818989403546e-12,4.547473508865e-13
66,1.162041735370e-05,-6.096679499024e-06,3.008363571972e-05,2.101984340694e-05,-1.846321472804e-05,-2.711652199647e-05,-3.637978807092e-12,-9.094947017729e-13
67,-1.536229683552e-05,-1.954927938641e-06,1.851869879218e-05,1.535078686922e-05,-3.388099471821e-05,-1.730571571736e-05,-9.094947017729e-13,9.094947017729e-13
68,8.144648745656e-06,-3.091668986599e-06,2.298499736244e-05,1.525685919982e-05,-1.484034679779e-05,-1.834852773167e-05,-1.818989403546e-12,-4.547473508865e-13
69,-1.631378108868e-05,-2.323024091311e-06,7.424462252286e-06,2.019731629993e-05,-2.373824425046e-05,-2.252034039124e-05,9.094947017729e-13,0.000000000000e+00
70,3.119304892607e-06,-8.353168595931e-06,2.367049184205e-05,1.116002779192e-05,-2.055118785894e-05,-1.951319729735e-05,9.094947017729e-13,9.094947017729e-13
71,1.670738129178e-06,-8.264638381661e-06,2.151949556030e-05,8.921171461987e-06,-1.984875925011e-05,-1.718580893415e-05,1.818989403546e-12,-9.094947017729e-13
72,-1.746035195538e-05,-1.353012157779e-05,1.321948625757e-05,4.866076401978e-06,-3.067983457497e-05,-1.839619752502e-05,-3.637978807092e-12,-4.547473508865e-13
73,-3.258051583543e-05,-9.781988410396e-06,-6.710660310159e-06,1.229879330468e-05,-2.586985370629e-05,-2.208078216982e-05,-1.818989403546e-12,4.547473508865e-13
74,-2.026229412877e-05,-2.751790816546e-06,5.238591160555e-06,6.709125508203e-06,-2.550088892730e-05,-9.460916779497e-06,3.637978807092e-12,4.547473508865e-13
75,-1.873261135188e-05,-9.764409696800e-06,6.378049048453e-06,9.523717695009e-06,-2.511066040033e-05,-1.928812602757e-05,0.000000000000e+00,-1.364242052659e-12
76,-2.257282540086e-05,-2.812414095388e-06,2.024169499270e-06,8.630370612284e-06,-2.459699490013e-05,-1.144278516242e-05,0.000000000000e+00,4.547473508865e-13
77,-9.256767953048e-06,-1.703050838842e-05,6.982297696077e-06,7.409237520678e-06,-1.623906883236e-05,-2.443974590909e-05,3.183231456205e-12,0.000000000000e+00
78,-1.482075458625e-05,-7.061125870678e-06,1.121047668728e-05,3.818064705549e-06,-2.603122809030e-05,-1.087919103097e-05,-3.183231456205e-12,4.547473508865e-13
79,5.092522769701e-06,-6.650492650806e-06,2.718786672236e-05,1.164167417471e-05,-2.209534349791e-05,-1.829216728026e-05,-4.547473508865e-13,4.547473508865e-13
80,6.216978363227e-06,-5.079091351945e-06,2.355171907143e-05,1.362906795339e-05,-1.733474116295e-05,-1.870815839584e-05,4.547473508865e-13,-9.094947017729e-13
81,-8.904371497920e-06,-8.520926712663e-06,1.700716579971e-05,4.326619200425e-06,-2.591153638813e-05,-1.284754591309e-05,-9.094947017729e-13,0.000000000000e+00
82,-1.520546720712e-05,-5.872649126104e-06,1.336818375903e-05,9.007332653199e-06,-2.857365233040e-05,-1.487998223405e-05,1.364242052659e-12,4.547473508865e-13
83,-2.450970714563e-05,-1.252009315067e-05,-6.733675232971e-07,1.507956694258e-05,-2.383633780334e-05,-2.759966054800e-05,-1.818989403546e-12,4.547473508865e-13
84,-1.156351936515e-05,-9.530938768876e-06,1.510093173928e-05,1.539017172177e-05,-2.666445292342e-05,-2.492111094540e-05,1.818989403546e-12,4.547473508865e-13
85,-6.153135473141e-06,-1.873843575595e-05,1.459930492361e-05,5.545663599597e-06,-2.075244039675e-05,-2.428409890080e-05,0.000000000000e+00,-4.547473508865e-13
86,-2.528564073145e-05,-5.583266101894e-06,8.470111428120e-06,1.762861426768e-05,-3.375575397856e-05,-2.321187946008e-05,1.818989403546e-12,-9.094947017729e-13
87,-3.304722486064e-05,-7.079646820785e-06,-3.865594917384e-06,1.347411658284e-05,-2.918162948851e-05,-2.055376340362e-05,-4.547473508865e-13,0.000000000000e+00
88,-1.106803028961e-05,-3.300428943476e-06,1.427486966672e-05,1.372656282450e-05,-2.534289995633e-05,-1.702699176797e-05,0.000000000000e+00,0.000000000000e+00
89,-2.707069143071e-05,-2.550817953306e-06,7.159050817147e-06,1.192556195976e-05,-3.422974224786e-05,-1.447638127731e-05,0.000000000000e+00,1.364242052659e-12
90,-4.373302363092e-05,8.017463187571e-06,-5.986503363275e-06,2.121332290825e-05,-3.774651935815e-05,-1.319585926593e-05,-9.094947017729e-13,-4.547473508865e-13
91,-1.472188159823e-06,-8.803192031337e-06,1.671666202182e-05,1.184441084572e-05,-1.818884927215e-05,-2.064760287705e-05,-9.094947017729e-13,0.000000000000e+00
92,-1.929193967953e-05,-5.844602128491e-06,-1.691026584886e-06,1.161497351241e-05,-1.760091218515e-05,-1.745957564090e-05,-9.094947017729e-13,0.000000000000e+00
93,-3.825974999927e-06,-7.867989552324e-06,1.688404930853e-05,6.842016935713e-06,-2.071002612744e-05,-1.471000603329e-05,1.818989403546e-12,-4.547473508865e-13
94,-2.768197009573e-05,-1.104843249777e-06,5.724117978331e-06,1.846528261934e-05,-3.340608761931e-05,-1.957012632387e-05,-4.547473508865e-13,4.547473508865e-13
95,-1.102798705688e-05,7.743929018034e-07,1.638906764063e-05,1.575868069840e-05,-2.741705788074e-05,-1.498428688710e-05,3.183231456205e-12,-9.094947017729e-13
96,-2.999454591190e-05,-5.773174052592e-06,1.477735213308e-06,1.581962656537e-05,-3.147227566824e-05,-2.159280061797e-05,-5.456968210638e-12,0.000000000000e+00
97,-1.992389297811e-05,-3.032235326828e-06,5.422898778269e-06,1.587643234820e-05,-2.534679721335e-05,-1.890866858452e-05,5.456968210638e-12,9.094947017729e-13
98,-1.755833363859e-05,1.142528708442e-05,4.101801030513e-06,1.859237260012e-05,-2.166013603335e-05,-7.167084151462e-06,1.364242052659e-12,-1.364242052659e-12
99,-4.294938844396e-05,-8.913721103454e-07,-7.860911216646e-06,1.026092880691e-05,-3.508847586307e-05,-1.115230182675e-05,-1.364242052659e-12,9.094947017729e-13
100,-6.403988663806e-06,-1.844733196776e-05,6.586333941281e-06,1.171595111005e-05,-1.299031851236e-05,-3.016328353256e-05,-4.092726157978e-12,4.547473508865e-13
101,-1.752745083650e-05,-7.981241651578e-06,-3.680129853310e-06,1.207323160744e-05,-1.384732143793e-05,-2.005447189477e-05,4.547473508865e-13,-1.364242052659e-12
102,-1.219761179527e-05,3.030461812159e-06,6.446006187366e-06,1.713100167956e-05,-1.864361980163e-05,-1.410053941265e-05,1.818989403546e-12,-4.547473508865e-13
103,-2.991461951751e-05,4.499655915424e-06,-1.737778479643e-05,1.691426280920e-05,-1.253683381158e-05,-1.241460689378e-05,-9.094947017729e-13,0.000000000000e+00
104,-1.998332299991e-05,-1.160776264442e-05,-1.954993846544e-05,9.564900873732e-06,-4.333822607317e-07,-2.117266488239e-05,-2.273736754432e-12,1.364242052659e-12
105,-2.924379077740e-05,7.181612090790e-06,-5.078008531726e-06,1.855576997424e-05,-2.416578315517e-05,-1.137415879295e-05,9.094947017729e-13,9.094947017729e-13
106,-1.495426113252e-05,-1.454784069210e-05,-4.141245426227e-06,8.840823759096e-06,-1.081301616104e-05,-2.338866263221e-05,4.547473508865e-13,-1.818989403546e-12
107,-1.398765743943e-05,-8.974602678791e-06,-5.086013393493e-06,1.539131496238e-05,-8.901644955431e-06,-2.436591764117e-05,9.094947017729e-13,0.000000000000e+00
108,-1.831148983911e-05,-8.475964932586e-06,-1.082546259769e-05,1.838793234889e-05,-7.486030424645e-06,-2.686389819097e-05,3.183231456205e-12,9.094947017729e-13
109,-1.463517401135e-05,-5.448373485706e-06,-7.903088146519e-06,8.287902885887e-06,-6.732079043616e-06,-1.373627500735e-05,-6.821210263297e-12,-1.364242052659e-12
110,-9.907613275573e-06,-1.073570092558e-05,1.011631643349e-05,1.118112814654e-05,-2.002393607553e-05,-2.191682998161e-05,6.366462912410e-12,9.094947017729e-13
111,-1.493723539170e-05,-1.303325734625e-05,-1.230516553669e-06,5.212315064347e-06,-1.370671338106e-05,-1.824557241060e-05,-5.456968210638e-12,0.000000000000e+00
112,-2.270521508763e-05,-4.313416866353e-06,-9.121413376481e-06,7.734291421013e-06,-1.358380262064e-05,-1.204770874211e-05,9.094947017729e-13,4.547473508865e-13
113,-6.097106961533e-06,5.721307388740e-06,7.506729310031e-06,1.179734942742e-05,-1.360384127379e-05,-6.076041583930e-06,5.002220859751e-12,-4.547473508865e-13
114,-1.182299456559e-06,1.652982973610e-06,5.892018591308e-07,1.237691052880e-05,-1.771495858722e-06,-1.072392664569e-05,-5.456968210638e-12,-9.094947017729e-13
115,-4.074998287251e-06,-4.432622517925e-07,-6.093739372535e-06,1.096265518707e-05,2.018738811547e-06,-1.140591834836e-05,2.273736754432e-12,9.094947017729e-13
116,-4.612389602698e-06,8.308088581543e-07,1.569079213517e-06,1.545246981548e-05,-6.181467451974e-06,-1.462166095732e-05,-1.364242052659e-12,0.000000000000e+00
117,-6.080383172957e-06,-8.337519830093e-06,5.331737848305e-06,8.809080963037e-06,-1.141212420449e-05,-1.714660215737e-05,3.183231456205e-12,1.364242052659e-12
118,-3.312853732496e-05,-2.522683644202e-07,-1.443734170599e-05,8.692080757026e-06,-1.869119289049e-05,-8.944348666699e-06,-2.728484105319e-12,-4.547473508865e-13
119,-1.350098682451e-05,9.016039257403e-07,4.321582249949e-06,5.821358790919e-06,-1.782256907446e-05,-4.919753500937e-06,0.000000000000e+00,-1.364242052659e-12
120,-3.270146407885e-05,7.246278983075e-06,-6.827663337411e-06,1.101094012033e-05,-2.587380256043e-05,-3.764662501493e-06,1.818989403546e-12,1.364242052659e-12
121,5.087058525532e-07,-6.596146704396e-07,1.194064550467e-05,5.442442500191e-06,-1.143194192586e-05,-6.102056715883e-06,2.273736754432e-12,-4.547473508865e-13
122,-2.077419048874e-05,9.095159839489e-06,3.246763733138e-06,1.490101598927e-05,-2.402094831016e-05,-5.805855240285e-06,-5.911715561524e-12,-9.094947017729e-13
123,-1.143724875874e-05,-6.079488230171e-06,-1.078834648365e-06,7.429383410027e-06,-1.035841729361e-05,-1.350887300444e-05,3.183231456205e-12,1.364242052659e-12
124,-1.268595951842e-06,-1.483931555413e-07,3.526469648781e-06,4.289666586728e-06,-4.795066510118e-06,-4.438059742269e-06,9.094947017729e-13,0.000000000000e+00
125,-7.857383025112e-06,-3.070876118727e-06,2.151095521659e-06,9.950116994725e-06,-1.000847809202e-05,-1.302099220396e-05,-4.547473508865e-13,-9.094947017729e-13
126,9.610648703529e-06,4.804374839296e-06,1.295356828871e-05,1.387282536354e-05,-3.342921404172e-06,-9.068451433738e-06,1.818989403546e-12,9.094947017729e-13
127,-4.209548933432e-06,-2.315764504601e-06,2.386407707652e-06,7.986308423726e-06,-6.595957550578e-06,-1.030207247358e-05,9.094947017729e-13,-4.547473508865e-13
128,1.572108885739e-06,1.749308103172e-05,-5.360487744491e-07,1.117556458508e-05,2.108160843420e-06,6.317516446638e-06,-3.183231456205e-12,0.000000000000e+00
129,-1.947424607351e-06,9.699504516902e-06,-8.038128022509e-06,1.385671665812e-05,6.090703869905e-06,-4.157211231721e-06,-4.547473508865e-13,-9.094947017729e-13
130,-1.733985845931e-05,3.006656697835e-06,5.718365762007e-08,9.435916119322e-06,-1.739704257168e-05,-6.429260785729e-06,4.547473508865e-13,1.364242052659e-12
131,5.679801688530e-06,6.890222721267e-07,1.333202775624e-05,1.956341871274e-05,-7.652224703464e-06,-1.887439598587e-05,-1.364242052659e-12,-4.547473508865e-13
132,-5.660753231496e-06,4.552974132821e-06,3.538586537771e-06,1.284404053547e-05,-9.199342497751e-06,-8.291065947897e-06,2.728484105319e-12,-4.547473508865e-13
133,-4.117133357795e-06,-2.235292413388e-06,1.958697254035e-06,9.040865043305e-06,-6.075829702335e-06,-1.127615791144e-05,-9.094947017729e-13,4.547473508865e-13
134,-9.301405953011e-06,1.695030732662e-06,1.386390277372e-05,1.001135009366e-05,-2.316531009098e-05,-8.316319361002e-06,1.364242052659e-12,0.000000000000e+00
135,-3.588960680645e-06,-1.295375113841e-05,6.691869481766e-06,5.293265490474e-06,-1.028082788867e-05,-1.824701662889e-05,-2.273736754432e-12,0.000000000000e+00
136,-9.769057214726e-06,8.923349014367e-06,1.613743332425e-05,1.351217961144e-05,-2.590649235797e-05,-4.588831961311e-06,1.818989403546e-12,1.364242052659e-12
137,-1.257363328477e-05,-1.819078534027e-06,8.678002087524e-06,8.498389115548e-06,-2.125163127957e-05,-1.031746628533e-05,-4.092726157978e-12,-1.364242052659e-12
138,6.357819074765e-06,5.165748007130e-08,-1.346384711468e-06,4.707037611572e-06,7.704204695728e-06,-4.655380131500e-06,-9.094947017729e-13,0.000000000000e+00
139,-3.105369250989e-05,-6.249687430682e-06,6.100563796712e-06,1.326356876187e-05,-3.715425630660e-05,-1.951325573781e-05,0.000000000000e+00,-4.547473508865e-13
140,2.562985173427e-06,-5.981301001157e-06,1.897447611844e-07,1.361695186748e-05,2.373240412242e-06,-1.959825377814e-05,0.000000000000e+00,9.094947017729e-13
141,-2.511471393518e-06,-1.365814387100e-05,1.952813091981e-06,2.830287236490e-06,-4.464289487720e-06,-1.648843019799e-05,5.002220859751e-12,-9.094947017729e-13
142,1.983989932342e-05,3.325350917294e-06,2.335746569315e-05,1.730999810574e-05,-3.517565460236e-06,-1.398464673370e-05,-9.094947017729e-13,-4.547473508865e-13
143,-1.079520006897e-05,-8.514796718373e-06,7.408697273640e-06,1.015354542034e-05,-1.820390098059e-05,-1.866834350296e-05,3.637978807092e-12,1.364242052659e-12
144,-8.549963240512e-06,-1.745269400999e-06,1.286458219910e-05,8.544544895923e-06,-2.141453770891e-05,-1.028981338743e-05,-7.730704965070e-12,-9.094947017729e-13
145,-1.856160815805e-05,-3.595603629947e-06,-3.080681064759e-06,6.036694552049e-06,-1.548093255026e-05,-9.632298181995e-06,5.456968210638e-12,0.000000000000e+00
146,-1.911543222377e-06,-1.639500987949e-05,8.679066420678e-06,5.251091610880e-06,-1.059060600508e-05,-2.164610239986e-05,-3.637978807092e-12,9.094947017729e-13
147,5.049947503721e-06,-8.284450814244e-06,2.288451251360e-05,1.494839848365e-05,-1.783456364564e-05,-2.323284884314e-05,-1.364242052659e-12,-4.547473508865e-13
148,-2.073208452202e-05,-1.250170134881e-05,-5.821216314702e-06,7.458662638113e-06,-1.491086957156e-05,-1.996036353218e-05,1.364242052659e-12,-4.547473508865e-13
149,-1.774321572157e-05,2.190827217419e-06,-2.886293488473e-06,1.285396589510e-05,-1.485692587107e-05,-1.066313913243e-05,3.637978807092e-12,4.547473508865e-13
150,-1.004826481221e-05,-1.625478034839e-06,9.468219334566e-07,1.687021556003e-05,-1.099508265294e-05,-1.849569404962e-05,-4.092726157978e-12,4.547473508865e-13
151,-3.279674274381e-05,-1.424079709977e-05,7.909485849641e-06,5.700247567548e-06,-4.070623450517e-05,-1.994104512207e-05,5.911715561524e-12,4.547473508865e-13
152,-1.632056955714e-05,-1.398137646902e-05,8.122629203745e-06,1.002137705348e-05,-2.444319193967e-05,-2.400275261300e-05,-6.821210263297e-12,-9.094947017729e-13
153,2.321761712665e-06,-9.983059499064e-06,1.892385144120e-05,1.170047463116e-05,-1.660209427600e-05,-2.168353549446e-05,4.547473508865e-12,1.364242052659e-12
154,-1.594681452843e-05,-1.046711986419e-06,2.994992689315e-06,1.507080476912e-05,-1.894180448926e-05,-1.611751539129e-05,-2.728484105319e-12,-1.364242052659e-12
155,-2.658343873918e-06,-1.052693187376e-05,2.728168429042e-05,1.302060211208e-05,-2.994002816433e-05,-2.354753489533e-05,0.000000000000e+00,9.094947017729e-13
156,1.098924258258e-05,-1.369387973682e-06,2.142372566967e-05,1.816196876251e-05,-1.043448445133e-05,-1.953135582670e-05,1.364242052659e-12,-9.094947017729e-13
157,-3.106246731477e-05,-8.643228284200e-06,1.082637725951e-06,8.817341612724e-06,-3.214510367648e-05,-1.746057080642e-05,-1.364242052659e-12,9.094947017729e-13
158,-2.434402995277e-05,-1.307062120759e-06,8.338817817577e-06,2.098298257563e-05,-3.268284640611e-05,-2.229004469639e-05,-1.364242052659e-12,0.000000000000e+00
159,-1.884137600427e-05,6.272621249082e-07,-2.950458995437e-08,1.917242420930e-05,-1.881187277856e-05,-1.854516208439e-05,1.364242052659e-12,0.000000000000e+00
160,-8.440121746389e-06,1.218697434524e-06,1.552945030766e-05,1.855044092347e-05,-2.396957296355e-05,-1.733174166995e-05,9.094947017729e-13,-1.818989403546e-12
161,-2.631023744470e-05,5.044083081884e-06,8.327707845001e-06,2.234593108636e-05,-3.463794619920e-05,-1.730184845923e-05,9.094947017729e-13,4.547473508865e-13
162,-3.215588731109e-05,8.204804544221e-06,-2.904660890122e-06,2.503053426077e-05,-2.925122733046e-05,-1.682572971655e-05,9.094947017729e-13,0.000000000000e+00
163,-2.345252141822e-06,4.569556040224e-06,1.717093502790e-05,1.866386090760e-05,-1.951618444124e-05,-1.409430486738e-05,-2.728484105319e-12,0.000000000000e+00
164,-2.658032826730e-05,-7.846918379073e-06,1.566355999151e-05,1.561946416005e-05,-4.224389098729e-05,-2.346638299387e-05,2.728484105319e-12,4.547473508865e-13
165,-1.078548666555e-05,2.521828719182e-06,2.530136658349e-05,1.325953648698e-05,-3.608685097530e-05,-1.073770731305e-05,-2.273736754432e-12,-4.547473508865e-13
166,-3.838904376607e-06,-1.855187292676e-06,1.884119286185e-05,1.483860153862e-05,-2.268009496472e-05,-1.669379019553e-05,-2.273736754432e-12,1.364242052659e-12
167,-1.771732786437e-05,2.335824319744e-06,-6.194335890078e-06,1.208988981179e-05,-1.152299151955e-05,-9.754065492050e-06,-4.547473508865e-13,0.000000000000e+00
168,-3.344939614180e-06,9.678533388069e-07,4.498328069183e-06,1.405139771805e-05,-7.843273595079e-06,-1.308354301500e-05,5.911715561524e-12,-1.364242052659e-12
169,-9.747203876032e-06,8.759350748733e-06,4.165129066643e-06,1.024573459157e-05,-1.391232839520e-05,-1.486385207081e-06,-4.547473508865e-12,1.364242052659e-12
170,-2.563699308666e-05,7.808321242919e-07,7.302099002634e-06,1.393452197642e-05,-3.293909117980e-05,-1.315368894263e-05,-9.094947017729e-13,-9.094947017729e-13
171,-1.320039882557e-05,-6.452988600358e-06,1.326316863457e-05,6.116374999372e-06,-2.646356927913e-05,-1.256936269024e-05,1.818989403546e-12,-9.094947017729e-13
172,-1.314642213401e-05,-3.832456059172e-06,-1.442046687419e-06,6.266044149116e-06,-1.170437635609e-05,-1.009850157253e-05,9.094947017729e-13,1.364242052659e-12
173,-1.010085907183e-05,-2.245500581921e-06,9.412298720753e-07,1.493992454275e-05,-1.104209121764e-05,-1.718542421518e-05,2.273736754432e-12,-9.094947017729e-13
174,-1.373518898617e-06,1.281749791815e-05,7.906552574388e-06,2.765400432346e-05,-9.280065106543e-06,-1.483650686006e-05,-6.366462912410e-12,4.547473508865e-13
175,-6.135211151559e-06,2.091106580338e-06,1.254253993292e-05,1.917144330237e-05,-1.867775244872e-05,-1.708033581254e-05,1.364242052659e-12,-9.094947017729e-13
176,-6.435118848458e-06,1.426016751793e-06,3.287382639827e-06,1.103638828926e-05,-9.722505126263e-06,-9.610371537467e-06,3.637978807092e-12,0.000000000000e+00
177,-2.136092371074e-05,8.529452315997e-06,1.166281856786e-05,2.081174970648e-05,-3.302374045961e-05,-1.228229875472e-05,-1.818989403546e-12,1.364242052659e-12
178,-7.233054930111e-06,-3.744462446775e-06,5.256228907227e-06,1.224717373053e-05,-1.248928474683e-05,-1.599163481307e-05,9.094947017729e-13,-1.364242052659e-12
179,-3.386326716281e-05,-1.119871740229e-05,1.120271248425e-06,1.098907837954e-05,-3.498353841124e-05,-2.218779760082e-05,0.000000000000e+00,1.818989403546e-12
180,-1.558045551064e-05,1.536365925858e-05,1.459650707669e-06,1.732436888195e-05,-1.704010485407e-05,-1.960708713875e-06,-1.364242052659e-12,-9.094947017729e-13
181,-2.002994733630e-06,6.658581696684e-06,1.863899668110e-05,7.444251999858e-06,-2.064199232423e-05,-7.856698484273e-07,9.094947017729e-13,-4.547473508865e-13
182,-1.276351758861e-05,1.096661617339e-05,1.239907972344e-05,2.532929134723e-05,-2.516259731205e-05,-1.436267471909e-05,0.000000000000e+00,-4.547473508865e-13
183,-3.615107198129e-05,2.064440195682e-06,-4.231844402687e-06,9.614619197316e-06,-3.191922985234e-05,-7.550180365877e-06,2.273736754432e-12,1.364242052659e-12
184,-3.747118171304e-06,-2.561680958024e-06,1.313296234675e-05,1.208888889408e-05,-1.688007688007e-05,-1.465056939736e-05,-3.637978807092e-12,-4.547473508865e-13
185,-1.810622052290e-08,-7.148428267101e-07,-1.364886375478e-06,1.337372896193e-05,1.346781064450e-06,-1.408857269814e-05,-9.094947017729e-13,9.094947017729e-13
186,-3.014057074324e-05,1.291396620218e-05,-4.054366034845e-06,2.356488478613e-05,-2.608620516314e-05,-1.065091721971e-05,4.547473508865e-13,-1.364242052659e-12
187,4.028162948089e-06,-6.790727638872e-06,7.978954064527e-06,1.315462010698e-05,-3.950796573406e-06,-1.994534911010e-05,5.456968210638e-12,1.364242052659e-12
188,5.294677976053e-07,8.445607818430e-06,1.308113944795e-05,2.006788013209e-05,-1.255167119559e-05,-1.162227094942e-05,-4.547473508865e-13,-1.364242052659e-12
189,-6.859660061309e-06,-4.132878530072e-06,1.062180980549e-05,1.856774362849e-05,-1.748146350033e-05,-2.270062170381e-05,-6.366462912410e-12,-4.547473508865e-13
190,-1.417870589648e-05,-1.695829269011e-06,-7.530022580573e-06,2.010482547104e-05,-6.648684225405e-06,-2.180065474005e-05,9.094947017729e-13,0.000000000000e+00
191,-1.765130218701e-05,4.087411070941e-06,1.738446299513e-05,1.935423847560e-05,-3.503576609163e-05,-1.526682785941e-05,9.094947017729e-13,4.547473508865e-13
192,-8.432070899289e-06,5.072579369880e-07,1.021435698565e-05,1.594595048577e-05,-1.864642924918e-05,-1.543869163929e-05,1.364242052659e-12,-9.094947017729e-13
193,-8.349248673767e-06,-1.086253178073e-06,1.101568195745e-05,5.456648578261e-06,-1.936493199546e-05,-6.542903120577e-06,1.364242052659e-12,1.364242052659e-12
194,-1.656847598497e-05,6.268706783885e-06,-4.320651187740e-06,1.546141370479e-05,-1.224782616147e-05,-9.192708285142e-06,1.364242052659e-12,1.364242052659e-12
195,-2.419019801891e-05,2.863071131287e-06,1.959607481778e-06,1.061712827104e-05,-2.614980322696e-05,-7.754055320765e-06,-2.273736754432e-12,-1.818989403546e-12
196,-9.658851922723e-06,-1.506270200480e-05,1.181091202535e-05,1.102347970258e-05,-2.146976485757e-05,-2.608618307162e-05,9.094947017729e-13,1.364242052659e-12
197,-1.589493331267e-05,-5.370948201744e-07,1.416691964951e-05,1.076569330084e-05,-3.006184886945e-05,-1.130278675677e-05,-4.092726157978e-12,-1.364242052659e-12
198,-1.364210038446e-05,5.874633643543e-06,2.376429140468e-05,1.397920676953e-05,-3.740639542712e-05,-8.104574035482e-06,3.637978807092e-12,9.094947017729e-13
199,3.201501385774e-06,-8.360460924450e-06,1.431702732396e-05,1.158314986758e-05,-1.111552275495e-05,-1.994360988254e-05,-3.183231456205e-12,-9.094947017729e-13
