x,psi_midslice
0,0.0
1,0.0
2,0.0
3,-1.0004346370697021
4,-1.0004782676696777
5,-1.000512719154358
6,-1.0003678798675537
7,-1.0003678798675537
8,-1.000516653060913
9,-1.0005196332931519
10,-1.0003503561019897
11,-1.000352382659912
12,-1.0005228519439697
13,-1.000523328781128
14,-1.0003468990325928
15,-1.0003477334976196
16,-1.000524640083313
17,-1.000524878501892
18,-1.0003455877304077
19,-1.0003459453582764
20,-1.000525712966919
21,-1.0005260705947876
22,-1.0003440380096436
23,-1.0003448724746704
24,-1.000527024269104
25,-1.0005277395248413
26,-1.0003399848937988
27,-1.000341773033142
28,-1.000530481338501
29,-1.000533103942871
30,-1.0003257989883423
31,-1.0003280639648438
32,-1.0005395412445068
33,-1.000540018081665
34,-1.0003242492675781
35,-1.0003219842910767
36,-1.0005347728729248
37,-1.0005321502685547
38,-1.0003397464752197
39,-1.0003379583358765
40,-1.0005296468734741
41,-1.0005290508270264
42,-1.0003433227539062
43,-1.0003429651260376
44,-1.0005286931991577
45,-1.0005286931991577
46,-1.0003447532653809
47,-1.0003445148468018
48,-1.0005289316177368
49,-1.0005290508270264
50,-1.0003454685211182
51,-1.0003455877304077
52,-1.0005295276641846
53,-1.0005296468734741
54,-1.0003461837768555
55,-1.0003464221954346
56,-1.000530481338501
57,-1.0005306005477905
58,-1.0003471374511719
59,-1.0003474950790405
60,-1.000531554222107
61,-1.0005319118499756
62,-1.0003483295440674
63,-1.0003492832183838
64,-1.0005333423614502
65,-1.000533938407898
66,-1.000350832939148
67,-1.000352144241333
68,-1.000535249710083
69,-1.0005366802215576
70,-1.0003772974014282
71,-1.0003645420074463
72,-1.000510334968567
73,-1.0005170106887817
74,-1.0004136562347412
75,-1.0003935098648071
76,-1.000479817390442
77,-1.0004686117172241
78,-1.0001356601715088
79,-0.9379898309707642
80,-0.601580798625946
81,-0.17538109421730042
82,0.08326360583305359
83,0.27679282426834106
84,0.438947856426239
85,0.5781077146530151
86,0.6967059969902039
87,0.7954468727111816
88,0.8719125986099243
89,0.9288095235824585
90,0.9679315686225891
91,0.9868391752243042
92,0.9938379526138306
93,0.9952523112297058
94,0.9963372945785522
95,0.9972861409187317
96,0.9980188608169556
97,0.998574435710907
98,0.9990216493606567
99,0.9993896484375
100,0.9996693730354309
101,0.9998626708984375
102,0.9999974370002747
103,1.0000959634780884
104,1.0001623630523682
105,1.0001916885375977
106,1.0001873970031738
107,1.000170350074768
108,1.0001846551895142
109,1.000211477279663
110,1.0002052783966064
111,1.0001671314239502
112,1.0001747608184814
113,1.000219702720642
114,1.0002199411392212
115,1.0001623630523682
116,1.0001648664474487
117,1.000226616859436
118,1.000227689743042
119,1.0001580715179443
120,1.000158667564392
121,1.000230073928833
122,1.0002305507659912
123,1.0001556873321533
124,1.0001558065414429
125,1.000231385231018
126,1.0002315044403076
127,1.0001546144485474
128,1.000154733657837
129,1.0002315044403076
130,1.0002315044403076
131,1.0001540184020996
132,1.0001541376113892
133,1.0002315044403076
134,1.0002315044403076
135,1.0001537799835205
136,1.000153660774231
137,1.000231385231018
138,1.000231385231018
139,1.0001534223556519
140,1.0001534223556519
141,1.000231146812439
142,1.000231146812439
143,1.0001533031463623
144,1.0001531839370728
145,1.0002310276031494
146,1.0002310276031494
147,1.0001531839370728
148,1.0001531839370728
149,1.0002307891845703
150,1.0002307891845703
151,1.0001531839370728
152,1.0001530647277832
153,1.0002305507659912
154,1.0002305507659912
155,1.0001529455184937
156,1.0001529455184937
157,1.0002306699752808
158,1.0002307891845703
159,1.000152826309204
160,1.000152826309204
161,1.0002307891845703
162,1.0002307891845703
163,1.000152826309204
164,1.000152826309204
165,1.0002307891845703
166,1.0002307891845703
167,1.0001529455184937
168,1.0001529455184937
169,1.0002307891845703
170,1.0002307891845703
171,1.0001531839370728
172,1.0001531839370728
173,1.0002307891845703
174,1.0002310276031494
175,1.0001533031463623
176,1.0001533031463623
177,1.000231146812439
178,1.000231146812439
179,1.0001533031463623
180,1.0001533031463623
181,1.000231385231018
182,1.000231385231018
183,1.0001535415649414
184,1.0001535415649414
185,1.0002317428588867
186,1.0002317428588867
187,1.0001535415649414
188,1.0001537799835205
189,1.0002319812774658
190,1.0002321004867554
191,1.0001537799835205
192,1.0001537799835205
193,1.000232458114624
194,1.0002325773239136
195,1.0001537799835205
196,1.0001537799835205
197,1.0002330541610718
198,1.0002330541610718
199,1.00015389919281
200,1.00015389919281
201,1.0002336502075195
202,1.0002336502075195
203,1.000154733657837
204,1.0001542568206787
205,1.0002334117889404
206,1.0002332925796509
207,1.0001591444015503
208,1.000156044960022
209,1.0002286434173584
210,1.0002304315567017
211,1.0001722574234009
212,1.00016188621521
213,1.0002127885818481
214,1.0002217292785645
215,1.000186562538147
216,1.0001757144927979
217,1.0001976490020752
218,1.000201940536499
219,1.0001938343048096
220,1.0001786947250366
221,1.0001550912857056
222,1.000099778175354
223,1.0000145435333252
224,0.9998809695243835
225,0.9996654391288757
226,0.9993705749511719
227,0.9990234375
228,0.9986019134521484
229,0.9980356097221375
230,0.9972755312919617
231,0.9963301420211792
232,0.9952729344367981
233,0.993855357170105
234,0.986838698387146
235,0.9679110646247864
236,0.9288800358772278
237,0.8721644282341003
238,0.7953326106071472
239,0.6964877843856812
240,0.5781204104423523
241,0.43900471925735474
242,0.2768459916114807
243,0.08336199820041656
244,-0.1752617210149765
245,-0.6014364957809448
246,-0.937901496887207
247,-1.0001364946365356
248,-1.0004583597183228
249,-1.000471830368042
250,-1.0004513263702393
251,-1.00044846534729
252,-1.0004541873931885
253,-1.000459909439087
254,-1.0004501342773438
255,-1.0004491806030273
256,-1.00045645236969
257,-1.0004589557647705
258,-1.0004465579986572
259,-1.0004498958587646
260,-1.0004594326019287
261,-1.0004596710205078
262,-1.00044846534729
263,-1.0004489421844482
264,-1.00045645236969
265,-1.0004562139511108
266,-1.0004504919052124
267,-1.0004503726959229
268,-1.0004537105560303
269,-1.0004537105560303
270,-1.0004510879516602
271,-1.0004510879516602
272,-1.0004522800445557
273,-1.0004523992538452
274,-1.0004513263702393
275,-1.0004520416259766
276,-1.0004518032073975
277,-1.0004537105560303
278,-1.0004531145095825
279,-1.0004560947418213
280,-1.0004560947418213
281,-1.0004552602767944
282,-1.0004537105560303
283,-1.0004501342773438
284,-1.0004503726959229
285,-1.0004479885101318
286,-1.0004481077194214
287,-1.0004469156265259
288,-1.0004472732543945
289,-1.0004466772079468
290,-1.0004463195800781
291,-1.0004459619522095
292,-1.0004465579986572
293,-1.0004462003707886
294,-1.0004454851150513
295,-1.0004453659057617
296,-1.0004463195800781
297,-1.0004462003707886
298,-1.0004446506500244
299,-1.0004444122314453
300,-1.0004470348358154
301,-1.0004466772079468
302,-1.0004428625106812
303,-1.0004428625106812
304,-1.00044846534729
305,-1.0004481077194214
306,-1.0004394054412842
307,-1.0004394054412842
308,-1.0004521608352661
309,-1.0004514455795288
310,-1.0004332065582275
311,-1.0004329681396484
312,-1.0004581212997437
313,-1.0004571676254272
314,-1.0004245042800903
315,-1.0004229545593262
316,-1.0004633665084839
317,-1.000461220741272
318,-1.00041925907135
319,-1.000414490699768
320,-1.0004584789276123
321,-1.000454306602478
322,-1.0004507303237915
323,0.0
324,0.0
325,0.0
