x,Req_r,R_r,dacc_r,net_r,cc,chi
0,0.000000000000e+00,0.000000000000e+00,0.000000000000e+00,0.000000000000e+00,0.000000000000e+00,0.000000000000e+00
1,0.000000000000e+00,0.000000000000e+00,0.000000000000e+00,0.000000000000e+00,0.000000000000e+00,0.000000000000e+00
2,0.000000000000e+00,0.000000000000e+00,0.000000000000e+00,0.000000000000e+00,0.000000000000e+00,0.000000000000e+00
3,-1.618430993087e-12,2.092539654913e-20,-5.106749363156e-22,1.813760995308e-08,0.000000000000e+00,-9.522571763877e-05
4,-2.382480686166e-12,3.368244928516e-20,-8.703570429033e-22,1.787115964006e-08,2.841842268856e-05,-9.427547420935e-05
5,-5.836954108457e-13,7.851627145853e-21,-1.902755171368e-22,1.772325998425e-08,3.833129716263e-05,-9.172885216433e-05
6,-1.419170095450e-12,1.905455856128e-20,1.203032301897e-22,1.724136223936e-08,3.499275872835e-05,-9.416425280947e-05
7,-1.377958616776e-12,2.066023840912e-20,4.063302978858e-22,1.598590366168e-08,3.374456348114e-05,-9.392027113845e-05
8,-8.693953769461e-13,1.289699730993e-20,2.172823647305e-22,1.588904643026e-08,3.847598418361e-05,-9.187763513820e-05
9,-1.573635907572e-12,1.994946728381e-20,1.964134370445e-23,1.476592724034e-08,3.441652112167e-05,-9.418844674320e-05
10,-1.002050616396e-12,1.411598820359e-20,-1.147791022729e-22,1.288508626559e-08,3.556001478817e-05,-9.316482103845e-05
11,-1.602799052900e-12,2.246110411002e-20,-3.682751944584e-24,1.285467948511e-08,3.750045593931e-05,-9.155328630864e-05
12,-1.472924198068e-12,2.068233492078e-20,-2.676133079731e-22,9.247340763661e-09,3.373143492413e-05,-9.262113662002e-05
13,-1.297636394472e-12,1.894775875488e-20,-3.682751944584e-24,9.568584178139e-09,3.347188858292e-05,-9.308177932773e-05
14,-1.118085334462e-12,1.506245545335e-20,-2.860270676960e-22,5.524727543082e-09,3.590738321503e-05,-9.075137560524e-05
15,-1.526122223763e-12,2.232852504001e-20,4.419302333501e-23,3.686703997158e-09,3.330244940907e-05,-9.436311482586e-05
16,-1.391057317644e-12,1.981688821381e-20,1.730893413954e-22,7.296864129350e-09,3.365793121277e-05,-9.319951497425e-05
17,-1.474098138240e-12,2.128262348775e-20,-5.241783601124e-22,5.105492005975e-09,3.412982497564e-05,-9.573377155628e-05
18,-1.230320193550e-12,1.771956098137e-20,-9.329638259613e-23,9.996631928041e-10,7.997538749617e-04,-9.306929811727e-05
19,8.886603530339e-12,-1.140695587315e-19,1.679334886730e-21,-1.136664310331e-06,1.056731137610e-01,5.129486217839e-04
20,2.047682464170e-09,-2.860076718691e-17,3.229478835245e-19,-2.106465359722e-05,3.063599510860e-01,1.047332809979e-01
21,4.597517095531e-09,-6.781357560524e-17,-3.562252300957e-19,-3.182875298080e-05,3.602941184873e-01,9.722144205508e-02
22,6.762074394511e-09,-9.726583222890e-17,2.699990407172e-19,-2.188387557093e-05,2.695813643410e-01,6.237410610439e-02
23,7.399399029727e-09,-1.120102964232e-16,-1.542868058256e-18,-2.092391820517e-05,2.032333399911e-01,4.890836995249e-02
24,8.694851401189e-09,-1.310987804954e-16,9.755855417999e-19,-1.877223118715e-05,1.739603224958e-01,4.372218332382e-02
25,8.361190418288e-09,-1.218732806401e-16,-7.290081129343e-19,-1.736655274568e-05,1.517578406210e-01,3.870627298925e-02
26,9.837126328974e-09,-1.471573466947e-16,-1.704554372047e-18,-1.458207995671e-05,1.214711387916e-01,3.552814766905e-02
27,1.036526594797e-08,-1.536059926598e-16,6.838330224140e-19,-7.257772528607e-06,1.036914690860e-01,2.920654157332e-02
28,1.108223248435e-08,-1.728086273112e-16,1.055918637551e-18,-4.071758493133e-06,7.512800597035e-02,2.506089718112e-02
29,1.267813470053e-08,-1.954957934666e-16,1.126313213388e-18,-3.278708976248e-06,5.003351218978e-02,7.119110049814e-03
30,1.135606156743e-08,-1.682832617217e-16,-3.318601432303e-19,-2.415121897407e-06,3.451911415079e-03,2.413411319337e-03
31,1.138035693894e-08,-1.722052452326e-16,1.196707789225e-18,-1.964977254038e-06,2.040030911823e-03,1.805919076539e-03
32,1.074159112961e-08,-1.595342215820e-16,2.292851898682e-18,-1.498085001241e-06,1.614057960856e-03,1.406976394843e-03
33,8.874896751798e-09,-1.317183077585e-16,8.045094381342e-19,-1.032488501590e-06,1.255397800816e-03,1.054270464453e-03
34,2.948850717234e-09,-4.525365589505e-17,9.050731179009e-20,-5.835748237112e-07,9.532942361353e-04,7.693880059386e-04
35,4.192976200062e-09,-6.395850033167e-17,-2.051499067242e-18,-1.053771247034e-07,7.158743456839e-04,5.495188688255e-04
36,2.722093916458e-09,-4.567602335007e-17,-1.810146235802e-18,3.826359043951e-07,5.306621023366e-04,3.771206766781e-04
37,3.164472139400e-09,-3.867679123830e-17,-4.726492949038e-19,8.646560751874e-07,3.847645937828e-04,2.402605516568e-04
38,5.232615639334e-09,-7.843967021808e-17,-1.015693165644e-18,1.360864742942e-06,2.704168788828e-04,1.348311981222e-04
39,5.200221810652e-09,-7.928440512812e-17,1.347553308875e-18,1.862321210944e-06,1.830100367986e-04,5.476021448669e-05
40,3.531939633515e-09,-5.201153517537e-17,-1.086087741481e-18,2.366239609926e-06,1.205125764769e-04,1.668941396771e-08
41,1.989183542521e-09,-2.992775109859e-17,-3.640405207557e-18,2.874822720237e-06,7.781228834114e-05,-3.802140682949e-05
42,1.835312856280e-09,-2.522137088551e-17,-3.620292471604e-18,3.383794556493e-06,4.941696475014e-05,-5.789562270034e-05
43,2.938727645770e-09,-5.213221159109e-17,1.407891516735e-18,3.893867782924e-06,3.455367749192e-05,-6.805453239393e-05
44,1.381799254728e-09,-1.086087741481e-17,-1.287215101015e-18,4.401414290718e-06,2.961965189110e-05,-6.956093227094e-05
45,5.743830748226e-09,-8.242199193685e-17,-4.183449078298e-18,4.905591840329e-06,2.782952197460e-05,-7.075905165974e-05
46,5.303477139577e-09,-7.843967021808e-17,2.554317466076e-18,5.402966685917e-06,2.654177971003e-05,-7.069867310447e-05
47,2.940752260063e-09,-3.632360113176e-17,-3.016910393003e-19,5.891271259474e-06,2.714561036773e-05,-7.182728664656e-05
48,4.408597622229e-09,-6.335511825307e-17,-1.950935387475e-18,6.365387336068e-06,2.781774030016e-05,-7.170904980186e-05
49,5.729658448178e-09,-7.916372871240e-17,-1.126313213388e-18,6.822852984719e-06,2.515160557995e-05,-7.211918956593e-05
50,5.936169106027e-09,-8.218063910541e-17,1.045862269574e-18,7.264251294343e-06,2.799435705049e-05,-7.280547235487e-05
51,5.511000104572e-09,-7.807764097092e-17,-4.102998134484e-18,7.684075314066e-06,3.107349110036e-05,-7.133620500531e-05
52,5.433052454306e-09,-7.807764097092e-17,3.016910393003e-19,8.083750372348e-06,2.650272462550e-05,-7.419768816535e-05
53,6.150778221047e-09,-8.821445989141e-17,-2.654881145843e-18,8.455437162648e-06,3.134377906680e-05,-7.182291978718e-05
54,8.155146370763e-09,-1.233312968660e-16,-2.755444825610e-18,8.792332980944e-06,3.037616341653e-05,-7.282473893801e-05
55,1.046928050725e-08,-1.553105470318e-16,2.634768409889e-18,9.105646091959e-06,2.533395009362e-05,-7.385768642367e-05
56,1.292716225852e-08,-1.940476764780e-16,-8.849603819476e-19,9.383844292682e-06,2.999661547896e-05,-7.114308731571e-05
57,1.908806355103e-08,-2.852790467624e-16,-1.126313213388e-18,9.624530439791e-06,2.813246235885e-05,-7.184187201882e-05
58,1.999711536843e-08,-2.956572185143e-16,8.045094381342e-20,9.830814340840e-06,2.642840690501e-05,-7.179852548175e-05
59,1.798059953296e-08,-2.618678221127e-16,3.439277848024e-18,9.997318620267e-06,2.827107529376e-05,-7.154477317977e-05
60,1.505098265150e-08,-2.155280784761e-16,-8.045094381342e-19,1.012216443601e-05,2.671176853947e-05,-7.233037010248e-05
61,1.421076772006e-08,-2.049085538928e-16,3.700743415417e-18,1.020580530167e-05,2.511553326189e-05,-7.265869707702e-05
62,1.342319276022e-08,-1.935649708151e-16,-3.016910393003e-19,1.024817642958e-05,2.962885255230e-05,-7.199962766752e-05
63,1.301826990169e-08,-1.799285358387e-16,-2.333077370589e-18,1.024752855301e-05,2.929320474115e-05,-7.158969399706e-05
64,1.403057704801e-08,-1.934442943994e-16,-1.930822651522e-18,1.020483348681e-05,2.726616833807e-05,-7.316254076086e-05
65,1.487787812948e-08,-2.116664331731e-16,-8.849603819476e-19,1.011898984080e-05,3.118669201384e-05,-7.077447245617e-05
66,1.651984032082e-08,-2.361637455643e-16,1.769920763895e-18,9.993172210196e-06,2.952223405235e-05,-7.226104393098e-05
67,2.035850901967e-08,-2.992775109859e-16,-2.815783033470e-19,9.828870711119e-06,2.766010301378e-05,-7.263820669949e-05
68,1.923687270154e-08,-2.823828127851e-16,-3.821419831137e-19,9.625048741050e-06,3.087923101584e-05,-7.000052032800e-05
69,1.266193778619e-08,-1.845142396361e-16,3.861645303044e-18,9.383520354395e-06,2.711330997282e-05,-7.231265583459e-05
70,1.024151139933e-08,-1.526556658860e-16,6.033820786006e-20,9.105386941329e-06,2.587664518278e-05,-7.123957147591e-05
71,8.543872314951e-09,-1.226072383716e-16,-5.852806162426e-18,8.795248425525e-06,2.868127907544e-05,-7.072310763921e-05
72,6.241885864216e-09,-9.062798820581e-17,2.051499067242e-18,8.455048436704e-06,2.757447107293e-05,-7.050408801968e-05
73,4.919812731121e-09,-7.216449660064e-17,-3.720856151371e-18,8.085240488467e-06,2.663202505237e-05,-7.073582616532e-05
74,4.980551159900e-09,-6.564797015175e-17,2.896233977283e-18,7.687185121619e-06,2.599392780864e-05,-7.058781833062e-05
75,5.174914131994e-09,-7.144043810631e-17,1.206764157201e-18,7.267425889554e-06,2.768144203025e-05,-7.008380083630e-05
76,5.721559991007e-09,-8.133590419536e-17,-1.991160859382e-18,6.828489510909e-06,2.690427599359e-05,-7.050537244183e-05
77,4.545259086982e-09,-6.009685502862e-17,-2.272739162729e-18,6.368691506593e-06,2.698407710311e-05,-6.995535620381e-05
78,3.777930270071e-09,-5.406303424262e-17,3.197925016583e-18,5.893668402796e-06,2.587752272852e-05,-6.978749249125e-05
79,5.696252312349e-09,-8.507687308269e-17,2.192288218916e-18,5.407566609590e-06,2.698954454781e-05,-7.019131098068e-05
80,5.053437274435e-09,-7.590546548796e-17,-3.459390583977e-18,4.910580489946e-06,2.843023156580e-05,-6.864790120551e-05
81,1.263359318609e-09,-1.158493590913e-17,5.792467954566e-18,4.406208577363e-06,2.619391707981e-05,-7.002224570825e-05
82,2.937715338624e-09,-4.006457001908e-17,-5.189085875965e-18,3.899828247402e-06,3.328604714516e-05,-6.628847309365e-05
83,1.675368327162e-09,-1.918755009950e-17,-2.353190106542e-18,3.391245137090e-06,5.118117798119e-05,-5.379199540176e-05
84,2.110660400080e-09,-3.197925016583e-17,4.465027381645e-18,2.883439478667e-06,7.722456710860e-05,-3.515892230382e-05
85,3.979379392189e-09,-5.647656255702e-17,2.172175482962e-18,2.375763395558e-06,1.228739713947e-04,4.190511833875e-06
86,4.377216100693e-09,-6.275173617447e-17,-2.111837275102e-18,1.872752023780e-06,1.867054828737e-04,5.931959339253e-05
87,5.361178646917e-09,-8.248233014471e-17,-3.921983510904e-19,1.373142004013e-06,2.744719108861e-04,1.398328139906e-04
88,3.690871855487e-09,-4.947733044525e-17,1.739751659965e-18,8.791037227796e-07,3.899412311897e-04,2.464114348148e-04
89,2.994404538818e-09,-4.012490822694e-17,-6.355624561260e-18,3.918357517408e-07,5.369085559639e-04,3.838961436445e-04
90,4.009748606578e-09,-6.088125173080e-17,-5.370100499546e-18,-8.730136829874e-08,7.230896982749e-04,5.566717719454e-04
91,3.056155274744e-09,-4.434858277715e-17,1.226876893155e-18,-5.588583324267e-07,9.606969583135e-04,7.767851314208e-04
92,1.015951452048e-08,-1.538624300432e-16,-1.005636797668e-20,-1.024033712304e-06,1.260458709945e-03,1.060315511479e-03
93,1.145729228206e-08,-1.700330697497e-16,2.514091994169e-19,-1.487362643947e-06,1.618381816704e-03,1.413415714069e-03
94,1.221652264180e-08,-1.863847240797e-16,-2.715219353703e-19,-1.951371845992e-06,2.044378571334e-03,1.811194153577e-03
95,1.174579981876e-08,-1.717225395697e-16,3.610236103627e-18,-2.412271240483e-06,3.457825757655e-03,2.418558313528e-03
96,1.204847965551e-08,-1.789027863051e-16,-3.660517943510e-18,-3.273914689603e-06,5.004379479500e-02,7.131516263008e-03
97,1.020000680633e-08,-1.500309538440e-16,6.938893903907e-19,-4.067142372546e-06,7.513948152202e-02,2.506066724583e-02
98,1.050597664131e-08,-1.571961160274e-16,1.352581492863e-18,-7.256428184717e-06,1.037156933748e-01,2.921647782140e-02
99,1.010959512433e-08,-1.504193810571e-16,-6.838330224140e-19,-1.457347332135e-05,1.214984651651e-01,3.553588080507e-02
100,9.094994469627e-09,-1.298256678792e-16,-1.847857615714e-18,-1.736167089447e-05,1.517562498702e-01,3.869538880532e-02
101,8.653017610651e-09,-1.257772333975e-16,-6.170720951626e-19,-1.878042745849e-05,1.739521863025e-01,4.372557383861e-02
102,7.492910593437e-09,-1.069283233875e-16,-8.450749508038e-20,-2.094161927348e-05,2.032205880496e-01,4.890366661771e-02
103,7.163343300778e-09,-1.082622189075e-16,1.472735312656e-18,-2.192706568732e-05,2.695178351074e-01,6.236664514453e-02
104,4.544361331682e-09,-6.821694006023e-17,-4.884311145703e-20,-3.192699333617e-05,3.602410476132e-01,9.717704542146e-02
105,1.945950786016e-09,-2.739455544250e-17,4.038996816023e-20,-2.113060747987e-05,3.064021723823e-01,1.047766433887e-01
106,1.120952219935e-11,-1.719992468198e-19,-1.284052844678e-21,-1.136150627723e-06,1.057163268549e-01,5.123671625464e-04
107,-1.329147420145e-12,1.844506311445e-20,7.316400529907e-22,1.380039580197e-09,8.006050195649e-04,-9.324494083709e-05
108,-1.353676591110e-12,1.936022697268e-20,-4.499095292300e-22,3.111954751860e-09,3.473558238254e-05,-9.600290896033e-05
109,-1.364550984284e-12,1.892566224322e-20,4.339509374701e-22,5.531432100764e-09,3.357211303706e-05,-9.314392478692e-05
110,-1.397915599702e-12,2.151831961220e-20,-2.762063958438e-22,8.436433310398e-09,3.492776644568e-05,-9.233835542728e-05
111,-1.238074377318e-12,1.913557910406e-20,4.848956727035e-22,9.406618989053e-09,3.539264304530e-05,-9.224187876662e-05
112,-1.272056855985e-12,1.946702677907e-20,2.627029720470e-22,1.047278206186e-08,3.592264716724e-05,-9.189535880282e-05
113,-1.477434599782e-12,2.061604538578e-20,7.119987092862e-23,1.126736803955e-08,3.665389385590e-05,-9.191568529511e-05
114,-1.413176821940e-12,1.946702677907e-20,3.326752589941e-22,1.402303219631e-08,3.640404407910e-05,-9.263418536977e-05
115,-9.400171462482e-13,1.270549420881e-20,-9.943430250377e-23,1.565169797054e-08,3.693679453274e-05,-9.106304606224e-05
116,-1.201991163607e-12,1.832169092430e-20,-1.448549098203e-22,1.671782347725e-08,3.501750643112e-05,-9.377902059422e-05
117,-9.636813086652e-13,1.244770157269e-20,-4.173785537195e-23,1.680801964856e-08,3.708053416967e-05,-9.005656977123e-05
118,-1.363377044112e-12,1.942651650768e-20,7.893365001225e-22,1.801610936957e-08,3.606441168022e-05,-9.278397878694e-05
119,-1.576910582789e-12,2.113163065802e-20,2.958477395482e-22,1.949662834269e-08,3.387012872103e-05,-9.332930521982e-05
120,-5.268519919849e-13,7.394965904724e-21,-1.595859175986e-22,1.971831174476e-08,3.853961098170e-05,-9.006730653935e-05
121,-2.316740036527e-12,3.233456207345e-20,2.013237729706e-22,1.951122770982e-08,2.913945324567e-05,-9.285821225619e-05
122,-1.660692839283e-12,1.990895701242e-20,-1.253363245140e-21,2.014352819811e-08,0.000000000000e+00,-9.353569041872e-05
123,0.000000000000e+00,0.000000000000e+00,0.000000000000e+00,0.000000000000e+00,0.000000000000e+00,0.000000000000e+00
124,0.000000000000e+00,0.000000000000e+00,0.000000000000e+00,0.000000000000e+00,0.000000000000e+00,0.000000000000e+00
125,0.000000000000e+00,0.000000000000e+00,0.000000000000e+00,0.000000000000e+00,0.000000000000e+00,0.000000000000e+00
