x,rho_col,rho_mid,psi_col,vx_col,vm_mid
0,0,0,0,0,0
1,0,0,0,0,0
2,1,1,-1,0.00016683922,0.00022798596
3,1,1,-1,0.00050234422,0.00069731474
4,1,1,-1,0.00084319757,0.0011825473
5,1,1,-1,0.0011908909,0.0016808421
6,1,1,-1,0.0015479325,0.0021907755
7,1,1,-1,0.0019159737,0.0027104053
8,1,1,-1,0.0022978436,0.0032390519
9,1,1,-1,0.002695672,0.0037756159
10,1,1,-1,0.0031129553,0.0043198667
11,1,1,-1,0.0035608341,0.0048799734
12,0.99910629,0.99902838,-1.0003324,0.0037967099,0.0051935706
13,0.99908555,0.99902809,-1.0001719,0.0037941558,0.0052445321
14,0.99906874,0.99902904,-1.0002384,0.0037912168,0.005300567
15,0.99905151,0.99902254,-1.0002024,0.0037873609,0.0053512775
16,0.99903655,0.9990133,-1.0002179,0.0037833552,0.0054039289
17,0.99902302,0.99900478,-1.0002133,0.0037787189,0.0054484345
18,0.9990105,0.998999,-1.0002153,0.0037744252,0.00548793
19,0.99899799,0.99898809,-1.0002159,0.0037700075,0.0055222521
20,0.99898511,0.99897289,-1.0002164,0.0037665493,0.0055507226
21,0.99897099,0.99895877,-1.0002176,0.0037635595,0.0055741491
22,0.99895519,0.99894565,-1.0002178,0.0037621283,0.0055937753
23,0.99893719,0.9989267,-1.000219,0.0037615711,0.0056112711
24,0.99891704,0.99890238,-1.0002195,0.0037629253,0.0056258938
25,0.99889416,0.99887866,-1.0002205,0.0037652345,0.0056386692
26,0.99886888,0.99885595,-1.0002213,0.0037694313,0.0056503862
27,0.9988414,0.99882776,-1.0002221,0.0037742581,0.0056620622
28,0.99881214,0.99879521,-1.0002229,0.0037806027,0.0056726476
29,0.99878162,0.99876475,-1.0002238,0.0037870021,0.0056822873
30,0.99875027,0.99873686,-1.0002246,0.003794427,0.005691688
31,0.99871856,0.99870509,-1.0002253,0.0038012953,0.0057012592
32,0.99868667,0.99867046,-1.0002261,0.0038087445,0.0057098041
33,0.99865538,0.99863982,-1.0002271,0.0038151203,0.0057172044
34,0.99862474,0.998613,-1.0002277,0.0038218438,0.0057241758
35,0.99859494,0.99858427,-1.0002286,0.0038272047,0.005730873
36,0.99856597,0.99855357,-1.0002292,0.0038328564,0.0057364786
37,0.99853802,0.99852741,-1.0002303,0.0038369803,0.0057404214
38,0.9985109,0.99850619,-1.000231,0.0038414772,0.0057439464
39,0.99848467,0.998483,-1.0002319,0.0038443888,0.0057470081
40,0.99845934,0.99845803,-1.0002326,0.0038478517,0.005749247
41,0.99843478,0.99843705,-1.0002335,0.003849721,0.00575
42,0.99841082,0.99842006,-1.0002341,0.0038523388,0.0057510119
43,0.99838734,0.99839997,-1.0002352,0.0038533623,0.0057519632
44,0.99836445,0.99837655,-1.0002359,0.0038553695,0.0057529677
45,0.99834186,0.99835575,-1.0002367,0.0038557947,0.0057530631
46,0.99831969,0.99833739,-1.0002376,0.0038574759,0.0057543837
47,0.99829745,0.9983145,-1.0002384,0.003857577,0.0057561318
48,0.99827534,0.99828714,-1.000239,0.0038591938,0.0057587917
49,0.99825346,0.99826187,-1.0002401,0.0038591933,0.0057605905
50,0.99823153,0.99823904,-1.0002407,0.0038609433,0.0057640793
51,0.99820966,0.99821186,-1.0002416,0.003860994,0.0057676509
52,0.99818772,0.99818116,-1.0002424,0.0038629945,0.0057720826
53,0.99816591,0.99815381,-1.0002433,0.0038631405,0.005774965
54,0.99814427,0.99813038,-1.0002439,0.0038653957,0.0057793017
55,0.99812275,0.99810421,-1.0002449,0.0038656224,0.0057828273
56,0.99810123,0.99807596,-1.0002456,0.0038681419,0.0057870052
57,0.99808002,0.99805242,-1.0002464,0.0038684546,0.0057888473
58,0.99805921,0.99803388,-1.0002471,0.0038712402,0.0057921144
59,0.99803829,0.99801314,-1.000248,0.0038716395,0.0057939482
60,0.99801773,0.99799114,-1.0002487,0.0038746984,0.0057965973
61,0.99799716,0.9979741,-1.0002494,0.0038751799,0.0057964246
62,0.99797702,0.99796218,-1.0002502,0.0038784964,0.0057981173
63,0.99795669,0.99794793,-1.0002509,0.0038790496,0.0057981499
64,0.99793673,0.99793148,-1.0002518,0.0038825637,0.0057995096
65,0.99791688,0.99791956,-1.0002526,0.0038830584,0.0057978523
66,0.99789703,0.99791205,-1.0002531,0.003886631,0.0057986006
67,0.99787736,0.99790132,-1.000254,0.0038869495,0.0057975366
68,0.99785793,0.99788761,-1.0002546,0.0038904417,0.0057983454
69,0.99783856,0.997877,-1.0002555,0.0038904953,0.0057960558
70,0.99781919,0.99787015,-1.0002561,0.0038938026,0.0057966956
71,0.99779981,0.99785888,-1.0002569,0.0038935184,0.0057953624
72,0.9977805,0.99784338,-1.0002576,0.003896594,0.0057964385
73,0.99776119,0.99783069,-1.0002586,0.0038960006,0.0057942262
74,0.99774158,0.99782073,-1.0002592,0.0038988118,0.0057953848
75,0.99772203,0.99780571,-1.0002601,0.0038979144,0.0057945158
76,0.99770236,0.99778581,-1.0002608,0.0039004446,0.0057963454
77,0.99768263,0.99776816,-1.0002619,0.0038992972,0.0057948055
78,0.99766266,0.99775308,-1.0002627,0.0039015184,0.0057967678
79,0.99764252,0.99773258,-1.0002639,0.0039001727,0.005796616
80,0.99762255,0.99770737,-1.0002649,0.00390208,0.0057992307
81,0.99760222,0.99768466,-1.0002662,0.0039005983,0.0057984162
82,0.9975819,0.99766427,-1.0002674,0.0039022106,0.0058009736
83,0.99756134,0.99763894,-1.0002689,0.0039007526,0.0058015417
84,0.99754077,0.99760884,-1.0002702,0.0039021869,0.005804732
85,0.99751985,0.99758136,-1.0002723,0.0039009238,0.0058045285
86,0.99749893,0.99755722,-1.0002738,0.0039021641,0.0058071325
87,0.99747759,0.99752849,-1.0002763,0.0039010537,0.0058076093
88,0.99745667,0.99749583,-1.0002784,0.0039019112,0.0058097164
89,0.99743563,0.99746686,-1.0002813,0.0039008085,0.0058078859
90,0.99741501,0.99744225,-1.0002835,0.0039011668,0.0058073853
91,0.99739391,0.99741369,-1.0002872,0.0039002693,0.0058044395
92,0.99737263,0.99738109,-1.0002899,0.003900602,0.005801633
93,0.99735045,0.99735194,-1.000294,0.0039005436,0.0057940455
94,0.99732786,0.99732625,-1.0002968,0.0039012749,0.0057853609
95,0.99730456,0.99729502,-1.0003018,0.003901792,0.0057725995
96,0.99728239,0.99725944,-1.0003047,0.0039015184,0.0057555642
97,0.9972626,0.99722707,-1.0003098,0.0038999964,0.0057287556
98,0.99724621,0.99720001,-1.0003128,0.0038957626,0.0056921355
99,0.99723423,0.99717164,-1.0003158,0.0038899356,0.0056405324
100,0.99722582,0.99714518,-1.0003204,0.0038806461,0.005568
101,0.99722213,0.99712873,-1.0003181,0.0038702404,0.0054680225
102,0.99722171,0.99712151,-1.000324,0.003855295,0.0053373543
103,0.99722576,0.99711388,-1.0003167,0.0038413077,0.0051683858
104,0.99722767,0.99710524,-1.0003189,0.0038235516,0.004947043
105,0.99722397,0.99710453,-1.0003078,0.0038154195,0.0046621249
106,0.99720871,0.9971149,-1.0003043,0.0038028455,0.0043023354
107,0.99717927,0.9971351,-1.0002887,0.0038098081,0.0038494878
108,0.99713898,0.99716681,-1.0002818,0.0038000047,0.0032885091
109,0.99708599,0.9972316,-1.0002607,0.0038199474,0.002620717
110,0.99702543,0.99735433,-1.0002536,0.0038033838,0.0018716453
111,0.99677354,0.99705935,-1.0002217,0.0038278752,0.0011191762
112,0.97679627,0.93971276,-0.99796569,0.0038068609,0.0011659788
113,0.94218296,0.88345528,-0.66653442,0.0038418232,0.0022074885
114,0.9381395,0.94279331,-0.081750415,0.0037946086,0.0029956107
115,0.95756787,1.0039388,0.33031172,0.0038291514,0.0033436769
116,0.9721483,1.0062861,0.60359627,0.003827296,0.0035734116
117,0.98111981,1.0061876,0.79320776,0.0037785536,0.0041270303
118,0.99065244,1.0061127,0.91105592,0.0038062506,0.0047683287
119,0.99819475,1.0060431,0.97731107,0.0037146562,0.0054467437
120,1.0031013,1.0059679,0.99140704,0.0037691151,0.0060962765
121,1.0043564,1.0058874,0.99296355,0.0037717032,0.0066368864
122,1.0049292,1.0058047,0.99401945,0.0038031559,0.0070355404
123,1.0051925,1.0057236,0.99509901,0.0037780851,0.0072696796
124,1.0053287,1.0056489,0.99603271,0.0037921141,0.0073591233
125,1.0053961,1.0055841,0.99677569,0.0037676555,0.0073251766
126,1.005427,1.0055338,0.99735928,0.0037658582,0.0072120586
127,1.0054322,1.0054985,0.99782246,0.003742011,0.0070471368
128,1.0054302,1.0054762,0.99819732,0.0037344766,0.0068664853
129,1.0054291,1.0054646,0.99850553,0.0037218309,0.0066825803
130,1.0054369,1.0054612,0.99876267,0.0037255364,0.0065160221
131,1.0054514,1.0054653,0.99897963,0.0037301106,0.006366916
132,1.0054698,1.0054761,0.99916369,0.0037449552,0.006245424
133,1.0054877,1.0054909,0.99932009,0.0037571902,0.0061443183
134,1.0055039,1.005506,0.99945325,0.0037743861,0.0060670441
135,1.0055176,1.0055174,0.99956572,0.0037874817,0.0060034557
136,1.0055277,1.0055226,0.99966067,0.003803354,0.0059550502
137,1.0055325,1.0055212,0.99973983,0.0038140581,0.00591368
138,1.0055312,1.0055144,0.99980533,0.0038251514,0.005881656
139,1.0055237,1.0055038,0.99985874,0.0038307912,0.0058542048
140,1.0055114,1.0054913,0.99990177,0.0038363184,0.0058335015
141,1.0054951,1.005478,0.99993563,0.0038382991,0.0058166119
142,1.005477,1.0054646,0.99996138,0.003840788,0.0058043306
143,1.0054572,1.005451,0.99997985,0.0038417578,0.0057950336
144,1.0054368,1.0054376,0.99999285,0.0038432335,0.0057882667
145,1.005416,1.005424,1.0000008,0.0038444679,0.0057841083
146,1.0053949,1.005411,1.0000054,0.0038456274,0.0057808855
147,1.0053738,1.005398,1.0000074,0.0038474821,0.0057802685
148,1.0053529,1.0053852,1.0000082,0.0038485336,0.005779502
149,1.0053316,1.0053723,1.0000081,0.0038510179,0.0057815262
150,1.0053107,1.0053596,1.0000085,0.0038519138,0.005782146
151,1.0052897,1.0053468,1.0000083,0.0038548533,0.0057857176
152,1.0052689,1.0053335,1.0000085,0.0038554936,0.0057871193
153,1.0052482,1.0053201,1.0000085,0.0038587397,0.0057916469
154,1.0052276,1.0053061,1.0000085,0.0038590722,0.0057931477
155,1.0052072,1.0052917,1.0000085,0.0038624038,0.0057979329
156,1.0051867,1.0052766,1.0000087,0.0038623291,0.005799077
157,1.0051663,1.0052599,1.0000086,0.0038656332,0.0058036493
158,1.0051461,1.0052426,1.0000088,0.0038651282,0.0058040638
159,1.0051262,1.0052243,1.0000088,0.0038683258,0.005808081
160,1.0051063,1.0052044,1.0000088,0.0038674374,0.0058075585
161,1.0050864,1.0051835,1.0000089,0.0038704704,0.0058106738
162,1.0050668,1.0051614,1.0000089,0.0038692488,0.0058091055
163,1.0050472,1.0051382,1.0000089,0.0038721031,0.0058113765
164,1.0050278,1.0051137,1.0000089,0.0038705815,0.0058087939
165,1.0050083,1.0050881,1.0000089,0.0038732314,0.0058102007
166,1.0049888,1.0050614,1.0000091,0.0038714532,0.0058067213
167,1.0049695,1.0050342,1.0000091,0.0038738672,0.0058072028
168,1.0049497,1.0050058,1.0000091,0.0038718497,0.0058029019
169,1.0049301,1.0049769,1.0000091,0.0038739985,0.00580265
170,1.0049106,1.0049473,1.0000092,0.0038718458,0.0057978071
171,1.0048909,1.0049179,1.0000092,0.0038738479,0.0057971361
172,1.0048711,1.0048884,1.0000093,0.0038716809,0.00579214
173,1.0048515,1.0048591,1.0000094,0.0038736325,0.0057914378
174,1.0048318,1.0048307,1.0000094,0.0038715762,0.0057867016
175,1.004812,1.0048031,1.0000094,0.0038735615,0.0057863677
176,1.0047926,1.0047765,1.0000094,0.0038717298,0.005782437
177,1.004773,1.0047513,1.0000094,0.0038737899,0.005782939
178,1.0047535,1.0047277,1.0000095,0.0038721974,0.0057801087
179,1.0047342,1.0047057,1.0000095,0.0038743257,0.0057817018
180,1.0047146,1.0046849,1.0000095,0.0038729329,0.00578016
181,1.0046951,1.0046662,1.0000095,0.0038750875,0.0057828762
182,1.0046757,1.0046488,1.0000095,0.0038738893,0.0057826871
183,1.0046563,1.0046327,1.0000095,0.0038759953,0.0057864338
184,1.0046368,1.0046178,1.0000095,0.0038748889,0.0057873172
185,1.0046173,1.0046037,1.0000095,0.003876871,0.0057917498
186,1.0045974,1.0045899,1.0000095,0.0038757746,0.0057931957
187,1.0045779,1.0045758,1.0000095,0.0038775592,0.00579764
188,1.0045581,1.0045615,1.0000097,0.003876437,0.0057989238
189,1.0045379,1.0045463,1.0000097,0.003878,0.005802752
190,1.0045178,1.00453,1.0000097,0.0038768484,0.0058032912
191,1.0044978,1.0045121,1.0000097,0.0038782542,0.005805952
192,1.0044781,1.004493,1.0000097,0.0038771827,0.0058053927
193,1.0044581,1.0044729,1.0000098,0.0038785751,0.0058068405
194,1.0044385,1.0044512,1.0000099,0.0038777883,0.0058054025
195,1.0044197,1.0044289,1.0000098,0.0038794416,0.0058059706
196,1.0044008,1.0044063,1.0000098,0.0038792284,0.0058041746
197,1.004383,1.004384,1.0000098,0.0038814223,0.005804691
198,1.0043658,1.0043622,1.0000099,0.0038820703,0.0058035562
199,1.0043494,1.0043416,1.0000099,0.0038851011,0.0058049564
200,1.0043341,1.0043223,1.00001,0.0038868259,0.0058052205
201,1.0043195,1.0043051,1.0000099,0.0038908545,0.0058081457
202,1.0043061,1.0042896,1.00001,0.0038937812,0.0058102887
203,1.0042934,1.0042754,1.00001,0.0038988572,0.0058149202
204,1.0042816,1.0042633,1.0000101,0.0039028828,0.0058186837
205,1.0042707,1.0042521,1.00001,0.0039087231,0.0058244928
206,1.0042596,1.0042415,1.00001,0.0039134277,0.0058292728
207,1.0042487,1.0042311,1.0000101,0.0039194794,0.0058354242
208,1.0042373,1.0042204,1.0000101,0.0039241053,0.005839949
209,1.0042249,1.004209,1.0000101,0.0039294348,0.00584519
210,1.0042112,1.0041958,1.0000101,0.0039328765,0.005848398
211,1.004195,1.004181,1.0000101,0.0039362824,0.005851571
212,1.0041765,1.0041636,1.0000101,0.0039373101,0.0058522951
213,1.0041549,1.0041437,1.0000103,0.003937616,0.0058524208
214,1.0041301,1.0041206,1.0000103,0.0039352402,0.005849923
215,1.0041021,1.0040945,1.0000105,0.003931806,0.0058463989
216,1.0040709,1.0040658,1.0000103,0.0039258171,0.0058403588
217,1.004037,1.0040342,1.0000105,0.0039189146,0.0058334372
218,1.0040011,1.0040005,1.0000104,0.0039100135,0.00582449
219,1.0039639,1.003965,1.0000106,0.0039007587,0.0058151744
220,1.0039264,1.0039289,1.0000104,0.0038904662,0.0058046249
221,1.0038888,1.0038927,1.0000107,0.0038805921,0.0057944553
222,1.0038522,1.0038569,1.0000105,0.003870656,0.0057840296
223,1.0038173,1.0038223,1.0000107,0.0038618017,0.0057746335
224,1.0037845,1.0037895,1.0000106,0.0038535262,0.0057657594
225,1.0037539,1.0037589,1.0000107,0.003846627,0.005758333
226,1.0037253,1.0037302,1.0000106,0.0038406195,0.0057517095
227,1.0036993,1.0037038,1.0000107,0.0038359682,0.0057466752
228,1.003675,1.0036789,1.0000107,0.0038321672,0.0057424586
229,1.0036525,1.0036564,1.0000107,0.0038293786,0.0057392954
230,1.0036314,1.0036353,1.0000107,0.0038272387,0.0057368139
231,1.0036116,1.0036151,1.0000107,0.0038257439,0.0057351436
232,1.0035921,1.0035957,1.0000107,0.0038246827,0.0057337531
233,1.0035735,1.0035769,1.000011,0.0038239078,0.0057326527
234,1.0035553,1.0035586,1.0000107,0.0038234449,0.0057316469
235,1.0035369,1.0035404,1.000011,0.0038230265,0.0057305037
236,1.0035187,1.0035219,1.0000111,0.0038228636,0.0057291263
237,1.0035003,1.0035033,1.0000112,0.0038226331,0.0057271924
238,1.0034817,1.0034847,1.0000111,0.0038227057,0.0057246131
239,1.0034631,1.0034657,1.000011,0.003822593,0.0057207351
240,1.003444,1.0034462,1.0000112,0.0038228226,0.0057154628
241,1.0034248,1.0034268,1.0000112,0.0038228189,0.0057077873
242,1.003405,1.0034069,1.0000112,0.0038232142,0.0056974995
243,1.0033849,1.003387,1.0000113,0.0038233032,0.005683064
244,1.0033648,1.0033667,1.0000113,0.0038238664,0.0056639952
245,1.0033442,1.0033466,1.0000113,0.0038240529,0.0056381873
246,1.003323,1.0033265,1.0000114,0.0038247437,0.0056047672
247,1.0033015,1.003307,1.0000113,0.003824984,0.0055609806
248,1.0032794,1.0032876,1.0000117,0.0038257432,0.0055056955
249,1.0032567,1.0032696,1.0000116,0.0038259679,0.0054358286
250,1.003233,1.0032526,1.0000119,0.003826739,0.005350708
251,1.0032079,1.0032371,1.0000113,0.0038268697,0.0052479105
252,1.0031812,1.0032237,1.0000123,0.0038275756,0.0051286393
253,1.0031519,1.0032129,1.000011,0.0038275563,0.004993225
254,1.0031191,1.0032058,1.0000134,0.0038281244,0.0048472108
255,1.0030798,1.0032015,1.0000095,0.0038279276,0.0046968963
256,1.0030334,1.0032037,1.0000334,0.0038283474,0.0045552766
257,1.002987,1.0032281,1,0.0038279016,0.0044361628
258,1,1,1,0.0028692246,0.0032922984
259,1,1,1,0.00095097185,0.0010915744
260,0,0,0,0,0
261,0,0,0,0,0
