x,psi,rho,vx,vm
0,0,0,0,0
1,0,0,0,0
2,-1,1,0.00022883316,0.00022893974
3,-1,1,0.00069682085,0.00069706701
4,-1,1,0.0011840238,0.0011843288
5,-1,1,0.001681663,0.0016819746
6,-1,1,0.0021947823,0.0021950672
7,-1,1,0.0027156058,0.0027158463
8,-1,1,0.0032502485,0.0032504378
9,-1,1,0.0037922228,0.0037923618
10,-1,1,0.0043493053,0.0043494017
11,-1,1,0.0049272398,0.0049273018
12,-1.0004109,0.99894953,0.0052581565,0.0052582156
13,-1.0002065,0.99893111,0.0053093131,0.0053093857
14,-1.0003363,0.9989143,0.005373064,0.0053731352
15,-1.000303,0.99888921,0.0054267012,0.005426771
16,-1.0002909,0.99886173,0.005488304,0.005488364
17,-1.000278,0.99883568,0.0055359346,0.0055359835
18,-1.0003155,0.99881423,0.0055840034,0.0055840379
19,-1.0003146,0.99878937,0.005621694,0.0056217192
20,-1.0002776,0.99876195,0.0056575094,0.005657529
21,-1.0002789,0.99873906,0.0056826305,0.005682644
22,-1.0003183,0.99872065,0.0057074209,0.0057074288
23,-1.0003188,0.99869937,0.005723957,0.0057239626
24,-1.0002785,0.99867511,0.005740759,0.0057407636
25,-1.0002806,0.99865544,0.0057491474,0.0057491511
26,-1.0003225,0.9986397,0.0057598785,0.0057598809
27,-1.0003232,0.99862063,0.0057642343,0.0057642362
28,-1.0002824,0.99859869,0.0057710567,0.0057710591
29,-1.0002846,0.99857986,0.0057710204,0.0057710228
30,-1.0003276,0.99856472,0.0057750866,0.005775088
31,-1.0003285,0.99854559,0.0057738447,0.0057738461
32,-1.0002875,0.99852282,0.0057766926,0.0057766954
33,-1.0002902,0.99850303,0.0057732589,0.0057732612
34,-1.0003337,0.998487,0.0057747024,0.0057747047
35,-1.000335,0.9984681,0.0057705338,0.0057705361
36,-1.0002939,0.99844778,0.0057699797,0.0057699829
37,-1.0002971,0.99843341,0.0057617426,0.0057617459
38,-1.0003405,0.99842614,0.00575718,0.0057571828
39,-1.0003418,0.99841928,0.0057454067,0.0057454095
40,-1.0002992,0.99841326,0.0057366355,0.0057366393
41,-1.0003026,0.99841368,0.0057197106,0.0057197139
42,-1.0003445,0.99841958,0.0057074716,0.0057074744
43,-1.000345,0.99842346,0.0056886375,0.0056886394
44,-1.000302,0.99842417,0.0056753,0.0056753019
45,-1.0003035,0.99842471,0.0056560622,0.005656064
46,-1.0003408,0.99842167,0.0056448323,0.0056448332
47,-1.0003421,0.99841106,0.0056290734,0.0056290738
48,-1.0003405,0.99839234,0.0056191646,0.0056191646
49,-1.0003399,0.99836576,0.0056043994,0.0056044012
50,-1.0003297,0.99833077,0.0055924184,0.0055924268
51,-1.0003278,0.99829185,0.0055691916,0.0055692107
52,-1.0003437,0.99825233,0.0055421386,0.0055421731
53,-1.0003381,0.99821144,0.0054984889,0.005498555
54,-1.0003184,0.99817139,0.0054398146,0.0054399478
55,-1.000309,0.99813652,0.0053526964,0.0053529413
56,-1.0003121,0.99810684,0.0052399407,0.0052403733
57,-1.0003027,0.99807978,0.005085656,0.0050864317
58,-1.0002848,0.99805528,0.0048866193,0.0048880065
59,-1.00027,0.99803567,0.0046250476,0.0046274713
60,-1.0002586,0.99802184,0.0042957799,0.0042999629
61,-1.0002407,0.99801564,0.0038784386,0.0038856512
62,-1.0002196,0.99802196,0.0033677937,0.0033801266
63,-1.0001907,0.99805045,0.002756109,0.0027766125
64,-1.0001626,0.99812001,0.0020766743,0.0021070559
65,-1.0001253,0.99784166,0.0014247315,0.0014551382
66,-0.99326408,0.94529504,0.0016415303,0.0017056779
67,-0.091614462,0.88896519,0.0027691138,0.002937607
68,0.8967784,0.93884677,0.0037690795,0.0037715097
69,1.0002754,1.000109,0.0039731478,0.0039740531
70,1.0000827,1.0072942,0.0040355525,0.0040412764
71,1.0001029,1.0072161,0.0044805738,0.0044868197
72,1.0000707,1.0071754,0.0050209868,0.0050291657
73,1.0000821,1.007144,0.0056251385,0.0056333407
74,1.0000739,1.0071101,0.0062231845,0.006229457
75,1.0000758,1.0070697,0.0067331609,0.0067368858
76,1.0000713,1.0070255,0.0071149059,0.007116532
77,1.0000689,1.0069791,0.0073456643,0.0073460843
78,1.0000651,1.0069342,0.007438391,0.007438404
79,1.0000618,1.0068924,0.007414123,0.0074142097
80,1.0000577,1.0068561,0.0073091798,0.0073095062
81,1.0000539,1.0068247,0.0071522114,0.0071527436
82,1.0000499,1.0067985,0.0069733257,0.006973953
83,1.0000459,1.0067751,0.0067893984,0.0067900131
84,1.0000421,1.0067531,0.0066160285,0.0066165598
85,1.0000389,1.0067304,0.0064578583,0.0064582769
86,1.0000354,1.0067065,0.0063204542,0.0063207601
87,1.0000321,1.0066807,0.0062023127,0.0062025231
88,1.0000292,1.0066533,0.0061041289,0.0061042658
89,1.0000263,1.0066229,0.0060219024,0.0060219867
90,1.0000238,1.0065894,0.0059541226,0.0059541715
91,1.0000215,1.0065513,0.0058966158,0.0058966419
92,1.0000193,1.0065079,0.0058474923,0.0058475048
93,1.0000176,1.0064594,0.0058040516,0.0058040568
94,1.000016,1.006408,0.0057658772,0.0057658786
95,1.0000145,1.0063571,0.0057329917,0.0057329922
96,1.0000134,1.0063106,0.0057062199,0.0057062199
97,1.0000122,1.0062715,0.0056868112,0.0056868112
98,1.0000112,1.006242,0.0056746956,0.0056746961
99,1.0000103,1.0062221,0.0056702266,0.0056702276
100,1.0000093,1.0062108,0.0056716362,0.0056716376
101,1.0000088,1.0062058,0.0056785191,0.0056785205
102,1.0000086,1.0062046,0.0056880596,0.0056880615
103,1.0000081,1.0062053,0.0057001621,0.005700164
104,1.0000072,1.0062054,0.0057118661,0.0057118684
105,1.0000067,1.0062035,0.0057238094,0.0057238117
106,1.0000074,1.006198,0.005733287,0.0057332893
107,1.0000074,1.0061886,0.0057418896,0.0057418919
108,1.0000067,1.0061748,0.0057471776,0.00574718
109,1.0000057,1.0061578,0.005751533,0.0057515353
110,1.0000062,1.0061375,0.0057529006,0.0057529029
111,1.0000072,1.006115,0.0057542622,0.0057542645
112,1.0000072,1.006091,0.0057533737,0.0057533765
113,1.0000064,1.0060667,0.0057532904,0.0057532927
114,1.0000067,1.0060418,0.0057514296,0.0057514315
115,1.0000072,1.0060167,0.0057509379,0.0057509397
116,1.0000072,1.0059922,0.0057488731,0.0057488745
117,1.0000069,1.0059681,0.0057484368,0.0057484382
118,1.0000067,1.0059446,0.0057465117,0.0057465127
119,1.0000067,1.0059217,0.0057464521,0.0057464531
120,1.0000066,1.0058998,0.0057448512,0.0057448517
121,1.0000067,1.0058786,0.0057452926,0.0057452931
122,1.0000063,1.0058584,0.0057441914,0.0057441914
123,1.0000064,1.0058392,0.0057452209,0.0057452214
124,1.0000064,1.005821,0.0057446994,0.0057446994
125,1.0000064,1.0058037,0.0057464349,0.0057464349
126,1.0000063,1.0057876,0.005746555,0.005746555
127,1.0000066,1.0057721,0.0057489472,0.0057489472
128,1.0000063,1.0057576,0.005749627,0.005749627
129,1.0000058,1.005744,0.0057526049,0.0057526049
130,1.0000058,1.0057311,0.005753723,0.005753723
131,1.0000064,1.0057184,0.0057571591,0.0057571591
132,1.0000064,1.0057061,0.0057585002,0.0057585007
133,1.0000055,1.005694,0.0057621659,0.0057621663
134,1.0000055,1.005682,0.0057635941,0.0057635945
135,1.0000067,1.0056695,0.0057671499,0.0057671503
136,1.0000067,1.0056567,0.0057682046,0.0057682046
137,1.0000052,1.0056434,0.0057712966,0.005771297
138,1.0000052,1.0056289,0.0057716663,0.0057716668
139,1.0000069,1.0056136,0.0057741068,0.0057741073
140,1.0000069,1.0055971,0.005773596,0.0057735965
141,1.0000048,1.0055797,0.0057750721,0.0057750721
142,1.000005,1.0055608,0.0057735955,0.0057735955
143,1.0000076,1.0055406,0.0057741036,0.0057741036
144,1.0000074,1.0055193,0.005771616,0.005771616
145,1.0000045,1.005497,0.0057712756,0.0057712756
146,1.0000049,1.0054737,0.0057680025,0.0057680025
147,1.0000081,1.0054498,0.0057669245,0.0057669245
148,1.000008,1.0054257,0.0057631386,0.0057631386
149,1.0000048,1.0054014,0.0057619014,0.0057619014
150,1.0000048,1.0053767,0.0057581281,0.0057581281
151,1.000008,1.0053527,0.005757113,0.005757113
152,1.0000081,1.0053293,0.0057537183,0.0057537183
153,1.0000046,1.0053068,0.0057532368,0.0057532368
154,1.0000045,1.0052848,0.0057505928,0.0057505928
155,1.0000077,1.0052639,0.0057509881,0.0057509881
156,1.0000079,1.005244,0.0057492033,0.0057492033
157,1.0000044,1.0052251,0.0057504396,0.0057504396
158,1.0000048,1.0052067,0.0057495018,0.0057495018
159,1.0000076,1.0051887,0.0057514817,0.0057514817
160,1.0000076,1.0051712,0.0057510557,0.0057510557
161,1.0000044,1.0051541,0.0057533546,0.0057533546
162,1.0000045,1.0051367,0.0057531986,0.0057531986
163,1.0000076,1.0051191,0.0057556233,0.0057556233
164,1.0000074,1.005101,0.0057555013,0.0057555013
165,1.0000042,1.0050826,0.0057578357,0.0057578357
166,1.0000045,1.0050639,0.0057577505,0.0057577505
167,1.0000074,1.0050448,0.0057601277,0.0057601277
168,1.0000074,1.0050256,0.0057602953,0.0057602953
169,1.0000043,1.0050063,0.0057630581,0.0057630581
170,1.0000043,1.0049871,0.0057638171,0.0057638171
171,1.0000073,1.004968,0.0057672313,0.0057672313
172,1.0000073,1.0049493,0.0057687415,0.0057687415
173,1.0000042,1.0049316,0.005772966,0.005772966
174,1.0000043,1.0049134,0.0057753404,0.0057753404
175,1.000007,1.0048958,0.0057799905,0.0057799905
176,1.0000072,1.0048779,0.0057826512,0.0057826512
177,1.0000043,1.0048599,0.0057872389,0.0057872389
178,1.0000041,1.0048409,0.0057894802,0.0057894802
179,1.000007,1.0048206,0.005793069,0.005793069
180,1.000007,1.0047991,0.0057938788,0.0057938788
181,1.0000041,1.004776,0.0057956362,0.0057956362
182,1.0000041,1.0047506,0.005794262,0.005794262
183,1.0000072,1.0047231,0.0057932902,0.0057932902
184,1.0000072,1.004693,0.0057891659,0.0057891659
185,1.0000041,1.0046607,0.0057853325,0.0057853325
186,1.0000041,1.0046265,0.0057785749,0.0057785749
187,1.0000069,1.0045907,0.0057723154,0.0057723154
188,1.0000068,1.0045534,0.0057634627,0.0057634627
189,1.0000041,1.0045156,0.0057556005,0.0057556005
190,1.0000041,1.0044773,0.0057458924,0.0057458924
191,1.0000069,1.0044391,0.0057376414,0.0057376414
192,1.0000069,1.0044018,0.0057282038,0.0057282038
193,1.0000041,1.0043659,0.0057206582,0.0057206582
194,1.0000041,1.0043314,0.0057125427,0.0057125427
195,1.0000069,1.0042986,0.0057065827,0.0057065827
196,1.0000069,1.0042673,0.005700367,0.005700367
197,1.0000041,1.0042382,0.0056963018,0.0056963018
198,1.0000043,1.0042105,0.0056920708,0.0056920708
199,1.0000068,1.0041845,0.0056898287,0.0056898287
200,1.0000069,1.0041599,0.0056872098,0.0056872098
201,1.0000043,1.0041369,0.0056864554,0.0056864554
202,1.0000043,1.0041146,0.0056852424,0.0056852424
203,1.0000068,1.0040933,0.0056855134,0.0056855134
204,1.0000069,1.0040724,0.0056852438,0.0056852438
205,1.0000045,1.0040526,0.0056861923,0.0056861923
206,1.0000045,1.0040329,0.0056866123,0.0056866123
207,1.0000068,1.0040137,0.0056880419,0.0056880419
208,1.0000069,1.0039948,0.0056888089,0.0056888089
209,1.0000045,1.0039761,0.0056906166,0.0056906166
210,1.0000048,1.0039575,0.005691729,0.005691729
211,1.0000069,1.003939,0.0056937523,0.0056937523
212,1.0000069,1.0039212,0.0056951712,0.0056951712
213,1.0000048,1.0039027,0.0056973356,0.0056973356
214,1.0000046,1.0038848,0.0056988993,0.0056988993
215,1.0000069,1.003867,0.0057011228,0.0057011228
216,1.0000069,1.003849,0.0057028299,0.0057028299
217,1.0000048,1.0038313,0.0057050423,0.0057050423
218,1.0000048,1.0038131,0.0057067801,0.0057067801
219,1.0000069,1.0037954,0.0057090037,0.0057090037
220,1.0000068,1.0037774,0.0057107243,0.0057107243
221,1.0000048,1.0037589,0.0057128021,0.0057128021
222,1.0000046,1.0037407,0.00571424,0.00571424
223,1.0000069,1.0037223,0.0057161856,0.0057161856
224,1.0000069,1.0037037,0.0057176128,0.0057176128
225,1.000005,1.0036848,0.005719265,0.005719265
226,1.0000052,1.0036657,0.0057204254,0.0057204254
227,1.0000069,1.0036469,0.0057218582,0.0057218582
228,1.0000069,1.0036277,0.005722777,0.005722777
229,1.0000054,1.003608,0.0057238541,0.0057238541
230,1.0000057,1.0035886,0.0057244808,0.0057244808
231,1.0000072,1.0035689,0.005725252,0.005725252
232,1.0000069,1.0035492,0.0057255551,0.0057255551
233,1.0000057,1.0035291,0.0057259579,0.0057259579
234,1.0000057,1.0035092,0.0057258098,0.0057258098
235,1.0000069,1.0034893,0.0057255724,0.0057255724
236,1.0000067,1.0034691,0.0057246741,0.0057246741
237,1.000006,1.0034488,0.0057233344,0.0057233344
238,1.0000058,1.0034289,0.0057209288,0.0057209292
239,1.0000067,1.0034093,0.005717685,0.0057176854
240,1.0000067,1.0033898,0.0057126442,0.0057126451
241,1.0000062,1.0033705,0.0057056649,0.0057056663
242,1.0000062,1.0033517,0.0056957267,0.00569573
243,1.0000064,1.003333,0.0056822714,0.0056822775
244,1.0000062,1.0033151,0.0056637763,0.005663787
245,1.0000055,1.0032974,0.0056392103,0.0056392299
246,1.000005,1.0032808,0.0056065395,0.0056065731
247,1.000005,1.0032648,0.0055642873,0.0055643427
248,1.0000048,1.0032501,0.0055100075,0.0055100969
249,1.0000045,1.0032367,0.0054419781,0.0054421173
250,1.0000045,1.0032247,0.005358051,0.0053582597
251,1.0000043,1.0032148,0.0052571679,0.0052574659
252,1.0000043,1.0032078,0.0051390762,0.0051394789
253,1.0000036,1.0032036,0.0050056139,0.0050061205
254,1.000005,1.0032028,0.0048608552,0.0048614359
255,1.0000038,1.0032059,0.0047124666,0.0047130524
256,1.0000169,1.0032151,0.0045720101,0.0045724963
257,1,1.003237,0.004455091,0.0044553732
258,1,1,0.0033073968,0.0033075351
259,1,1,0.0010972905,0.0010973479
260,0,0,0,0
261,0,0,0,0
