t,x_left,x_right,x_right_star,e_x,d,x_L_vol,x_R_vol,e_x_vol,E_psi
250,82.38305,242.61694,82.38306,7.6293945e-06,-80.11694,83.18859100341797,242.81141662597656,1.0000076293945312,7.824287361775835e-07
500,81.99795,243.00204,81.997955,7.6293945e-06,-80.502045,83.18782043457031,242.8121795654297,1.0,1.3632352153460185e-05
750,81.950516,243.04948,81.950516,0.0,-80.549484,83.2140884399414,242.7859115600586,1.0,2.399541437625885e-05
1000,81.87671,243.12329,81.87671,0.0,-80.62329,83.23338317871094,242.76666259765625,1.0000457763671875,3.443284270664056e-05
1250,81.825874,243.17422,81.825775,9.918213e-05,-80.67418,83.19405364990234,242.80602264404297,1.0000762939453125,4.17169618109862e-05
1500,81.870316,243.12987,81.87013,0.00018310547,-80.629776,83.24156951904297,242.7584457397461,1.0000152587890625,4.718954985340436e-05
1750,81.818245,243.18198,81.81802,0.00022125244,-80.68187,83.18798828125,242.81200408935547,0.9999923706054688,4.9294369916121165e-05
2000,81.853874,243.14638,81.85362,0.00025177002,-80.646255,83.22209167480469,242.77791595458984,1.0000076293945312,5.158184717098872e-05
2250,81.8278,243.17249,81.827515,0.0002822876,-80.67235,83.19688415527344,242.80315399169922,1.0000381469726562,5.2651800215244295e-05
2500,81.831535,243.16872,81.83128,0.00025177002,-80.668594,83.19921112060547,242.80083465576172,1.0000457763671875,5.447376519441605e-05
2750,81.834656,243.16557,81.83443,0.00022888184,-80.66546,83.20283508300781,242.79720306396484,1.0000381469726562,5.701538796226183e-05
3000,81.81806,243.18208,81.81792,0.0001449585,-80.68201,83.18558502197266,242.81441497802734,1.0,5.827220156788826e-05
3250,81.83198,243.16809,81.83191,6.866455e-05,-80.66806,83.19926452636719,242.80072021484375,0.9999847412109375,5.7481502493222556e-05
3500,81.81383,243.18622,81.81378,4.5776367e-05,-80.686195,83.18114471435547,242.81883239746094,0.9999771118164062,5.4931653042634325e-05
3750,81.823135,243.17686,81.823135,0.0,-80.676865,83.18992614746094,242.81007385253906,1.0,5.6613609194755556e-05
4000,81.813805,243.18619,81.81381,7.6293945e-06,-80.68619,83.18074035644531,242.81928253173828,1.0000228881835938,5.7169397672017414e-05
4250,81.81352,243.18639,81.813614,9.1552734e-05,-80.68643,83.17998504638672,242.82000732421875,0.9999923706054688,5.917331203818321e-05
4500,81.81288,243.18698,81.81302,0.0001373291,-80.68705,83.17951965332031,242.82048797607422,1.0000076293945312,6.0469936579465865e-05
4750,81.8064,243.19344,81.806564,0.00016784668,-80.69352,83.1728286743164,242.8271713256836,1.0,6.118901694814364e-05
5000,81.80918,243.19063,81.80937,0.00019073486,-80.69072,83.17561340332031,242.82440185546875,1.0000152587890625,6.182720263799032e-05
5250,81.80216,243.19762,81.80238,0.00022125244,-80.69772,83.16864776611328,242.83136749267578,1.0000152587890625,6.246205419301986e-05
5500,81.8036,243.19615,81.80385,0.00025177002,-80.69627,83.16997528076172,242.83003997802734,1.0000152587890625,6.314449633161227e-05
5750,81.79925,243.20047,81.79953,0.0002822876,-80.70061,83.165771484375,242.83424377441406,1.0000152587890625,6.367333233356476e-05
6000,81.79781,243.20189,81.79811,0.0002975464,-80.70204,83.16426849365234,242.83575439453125,1.0000228881835938,6.421718125542005e-05
6250,81.796165,243.20352,81.79648,0.00031280518,-80.703674,83.1627426147461,242.8372802734375,1.0000228881835938,6.475362926721572e-05
6500,81.79287,243.2068,81.7932,0.00032806396,-80.70697,83.15949249267578,242.8405303955078,1.0000228881835938,6.499758611122767e-05
6750,81.79232,243.20732,81.79268,0.00035858154,-80.707504,83.15902709960938,242.84099578857422,1.0000228881835938,6.534095232685408e-05
7000,81.78886,243.21077,81.78923,0.00037384033,-80.71095,83.15567779541016,242.84434509277344,1.0000228881835938,6.556235253810882e-05
7250,81.788025,243.21161,81.78839,0.00036621094,-80.71179,83.15487670898438,242.84515380859375,1.000030517578125,6.581034511327744e-05
7500,81.78532,243.2143,81.785706,0.00038909912,-80.71449,83.15232849121094,242.84771728515625,1.0000457763671875,6.608509769042333e-05
7750,81.783745,243.21585,81.78415,0.0004043579,-80.71605,83.15081024169922,242.84922790527344,1.0000381469726562,6.613225365678469e-05
8000,81.78183,243.21776,81.78224,0.0004119873,-80.717964,83.1490249633789,242.85100555419922,1.000030517578125,6.633831808964412e-05
8250,81.77975,243.21985,81.78015,0.0004043579,-80.72005,83.14704132080078,242.8530044555664,1.0000457763671875,6.646400938431421e-05
8500,81.77827,243.22133,81.77867,0.0004043579,-80.72153,83.14568328857422,242.85438537597656,1.0000686645507812,6.643397733569145e-05
8750,81.77605,243.22354,81.77646,0.0004119873,-80.72375,83.14359283447266,242.8564682006836,1.00006103515625,6.660473843415578e-05
9000,81.774445,243.22507,81.77493,0.00048828125,-80.72531,83.1423568725586,242.85771942138672,1.0000762939453125,6.704296916723251e-05
9250,81.77209,243.22742,81.77258,0.00049591064,-80.72766,83.14054107666016,242.8596420288086,1.00018310546875,7.145307958126068e-05
9500,81.77032,243.22919,81.77081,0.00049591064,-80.72943,83.1391372680664,242.86104583740234,1.00018310546875,7.149373491605123e-05
9750,81.76832,243.2312,81.7688,0.00048065186,-80.731445,83.13753509521484,242.862548828125,1.0000839233398438,7.378100107113521e-05
10000,81.76638,243.23315,81.766846,0.00046539307,-80.73338,83.13591003417969,242.86416625976562,1.0000762939453125,6.810101370016733e-05
10250,81.7646,243.23497,81.76503,0.0004272461,-80.73518,83.134521484375,242.86556243896484,1.0000839233398438,6.745741392175356e-05
10500,81.76262,243.23698,81.763016,0.00039672852,-80.73718,83.1329574584961,242.8671646118164,1.0001220703125,6.860151266058287e-05
10750,81.76087,243.23871,81.76129,0.0004196167,-80.73892,83.13169860839844,242.8685073852539,1.0002059936523438,7.118758435050647e-05
11000,81.75894,243.24069,81.75931,0.00036621094,-80.740875,83.13007354736328,242.86995697021484,1.000030517578125,6.998848170042038e-05
11250,81.75722,243.24246,81.75754,0.00032043457,-80.74262,83.12871551513672,242.8713836669922,1.0000991821289062,6.78656001885732e-05
11500,81.75542,243.24432,81.75568,0.0002593994,-80.74445,83.12732696533203,242.8727569580078,1.0000839233398438,6.800957644979159e-05
11750,81.75365,243.24605,81.75395,0.00030517578,-80.7462,83.1259765625,242.87415313720703,1.0001296997070312,6.791041543086369e-05
12000,81.75192,243.24786,81.75214,0.00021362305,-80.74797,83.12464904785156,242.87540435791016,1.0000534057617188,7.20659705499808e-05
12250,81.75016,243.2496,81.7504,0.00023651123,-80.749725,83.1232681274414,242.87674713134766,1.0000152587890625,6.959746902187665e-05
12500,81.7485,243.25128,81.74872,0.00022125244,-80.75139,83.12198638916016,242.87801361083984,1.0,6.983733425537745e-05
12750,81.74679,243.253,81.746994,0.00020599365,-80.75311,83.1207275390625,242.87939453125,1.0001220703125,7.440231740474701e-05
13000,81.74517,243.25465,81.745346,0.00017547607,-80.754745,83.11946868896484,242.880615234375,1.0000839233398438,6.83217744032542e-05
13250,81.743515,243.25633,81.74367,0.00015258789,-80.75641,83.11824798583984,242.88188934326172,1.0001373291015625,7.529757916927338e-05
13500,81.74189,243.25793,81.742065,0.00017547607,-80.758026,83.11707305908203,242.88311767578125,1.0001907348632812,7.308047264814377e-05
13750,81.74032,243.25966,81.74034,2.2888184e-05,-80.759674,83.1158218383789,242.8843231201172,1.0001449584960938,7.495050628980001e-05
14000,81.7387,243.2612,81.7388,9.918213e-05,-80.761246,83.11454772949219,242.88542938232422,0.9999771118164062,6.954039136568705e-05
14250,81.73719,243.26274,81.73726,6.866455e-05,-80.76277,83.11343383789062,242.88653564453125,0.999969482421875,7.086497421065966e-05
14500,81.73567,243.2643,81.7357,3.0517578e-05,-80.76431,83.11227416992188,242.88772583007812,1.0,7.179169605175655e-05
14750,81.73416,243.2658,81.73421,4.5776367e-05,-80.765816,83.11122131347656,242.88890075683594,1.0001220703125,6.93242996931076e-05
15000,81.73264,243.2673,81.7327,5.340576e-05,-80.767334,83.1099853515625,242.89008331298828,1.0000686645507812,7.184827700257301e-05
15250,81.73122,243.26875,81.73125,3.0517578e-05,-80.76877,83.10890197753906,242.89118194580078,1.0000839233398438,6.648225709795952e-05
15500,81.729774,243.27022,81.72978,7.6293945e-06,-80.77022,83.10789489746094,242.8921890258789,1.0000839233398438,6.692635516325632e-05
15750,81.728294,243.2717,81.7283,7.6293945e-06,-80.7717,83.1068115234375,242.8932876586914,1.0000991821289062,6.813696896036466e-05
16000,81.72693,243.27306,81.726944,1.5258789e-05,-80.77306,83.10578155517578,242.89429473876953,1.0000762939453125,6.772405778368314e-05
16250,81.72556,243.27441,81.725586,2.2888184e-05,-80.77443,83.10466766357422,242.89541625976562,1.0000839233398438,6.630423168341318e-05
16500,81.72421,243.27576,81.72424,3.0517578e-05,-80.77577,83.10364532470703,242.89642333984375,1.0000686645507812,7.202671219905218e-05
16750,81.72282,243.27716,81.72284,2.2888184e-05,-80.777176,83.10267639160156,242.89739227294922,1.0000686645507812,6.707136829694112e-05
17000,81.72148,243.2785,81.7215,1.5258789e-05,-80.77851,83.10169219970703,242.89837646484375,1.0000686645507812,6.960304453969001e-05
17250,81.7202,243.27979,81.720215,1.5258789e-05,-80.77979,83.10066986083984,242.8993148803711,0.9999847412109375,7.036554937561353e-05
17500,81.71894,243.28105,81.71895,7.6293945e-06,-80.78105,83.09976959228516,242.90032196044922,1.000091552734375,6.950897475083669e-05
17750,81.71769,243.2823,81.7177,7.6293945e-06,-80.7823,83.09883880615234,242.9012908935547,1.0001296997070312,7.111533855398496e-05
18000,81.71641,243.28358,81.716415,7.6293945e-06,-80.783585,83.0978012084961,242.90221405029297,1.0000152587890625,6.836200132966042e-05
18250,81.71518,243.2848,81.715195,1.5258789e-05,-80.78481,83.09686279296875,242.90314483642578,1.0000076293945312,7.331906507412593e-05
18500,81.713936,243.28606,81.71394,7.6293945e-06,-80.78606,83.09601593017578,242.90401458740234,1.000030517578125,6.877501805623372e-05
18750,81.71276,243.28725,81.71275,7.6293945e-06,-80.78725,83.09515380859375,242.90493774414062,1.000091552734375,7.232440014680227e-05
19000,81.71163,243.28838,81.711624,7.6293945e-06,-80.788376,83.09422302246094,242.90582275390625,1.0000457763671875,7.038487742344538e-05
19250,81.710556,243.28944,81.710556,0.0,-80.789444,83.0934066772461,242.90676879882812,1.0001754760742188,7.437695438663165e-05
19500,81.70942,243.2906,81.7094,2.2888184e-05,-80.79059,83.09253692626953,242.90752410888672,1.00006103515625,6.811102231343587e-05
19750,81.708275,243.29176,81.70824,3.8146973e-05,-80.79175,83.09170532226562,242.90839385986328,1.0000991821289062,6.915413464109102e-05
20000,81.707184,243.29285,81.70715,3.0517578e-05,-80.79283,83.09088897705078,242.90917205810547,1.00006103515625,6.914161145687104e-05
20250,81.706055,243.29399,81.70601,4.5776367e-05,-80.79397,83.09004974365234,242.9100112915039,1.00006103515625,7.027380789319674e-05
20500,81.704994,243.29504,81.704956,3.8146973e-05,-80.79503,83.08917999267578,242.91085815429688,1.0000381469726562,7.110882550477982e-05
20750,81.70392,243.29613,81.70387,4.5776367e-05,-80.796104,83.08837890625,242.91165161132812,1.000030517578125,7.276818156242371e-05
21000,81.70288,243.29716,81.702835,4.5776367e-05,-80.79714,83.08767700195312,242.91239166259766,1.0000686645507812,7.082582140962283e-05
21250,81.70192,243.29813,81.70187,4.5776367e-05,-80.7981,83.08695220947266,242.91319274902344,1.0001449584960938,7.074688871701558e-05
21500,81.70102,243.29903,81.70097,4.5776367e-05,-80.799,83.08605194091797,242.9139862060547,1.0000381469726562,7.375570635000865e-05
21750,81.7001,243.29993,81.70007,3.0517578e-05,-80.79991,83.08538055419922,242.91475677490234,1.0001373291015625,7.273470982909203e-05
22000,81.69914,243.30089,81.69911,3.0517578e-05,-80.80087,83.08467102050781,242.9154510498047,1.0001220703125,7.264532769719759e-05
22250,81.6982,243.30186,81.698135,6.1035156e-05,-80.801834,83.08395385742188,242.91613006591797,1.0000839233398438,6.905838226278623e-05
22500,81.69725,243.30283,81.697174,7.6293945e-05,-80.80279,83.08324432373047,242.91683959960938,1.0000839233398438,7.03311339020729e-05
22750,81.69632,243.30374,81.69626,6.1035156e-05,-80.80371,83.08253479003906,242.91754150390625,1.0000762939453125,7.187643398841222e-05
23000,81.69541,243.30466,81.69534,6.866455e-05,-80.80463,83.0818099975586,242.91822052001953,1.000030517578125,7.38631250957648e-05
23250,81.69451,243.30556,81.69444,6.866455e-05,-80.80553,83.08110809326172,242.9189453125,1.0000534057617188,7.93969879547755e-05
23500,81.693634,243.30646,81.69354,9.1552734e-05,-80.80641,83.08050537109375,242.91967010498047,1.0001754760742188,7.74686224758625e-05
23750,81.69277,243.30733,81.69267,9.918213e-05,-80.80728,83.07981872558594,242.92022705078125,1.0000457763671875,7.341888422767321e-05
24000,81.691895,243.3082,81.6918,9.1552734e-05,-80.80815,83.07918548583984,242.92092895507812,1.0001144409179688,7.544512550036113e-05
24250,81.69107,243.309,81.690994,7.6293945e-05,-80.80897,83.0785140991211,242.92153930664062,1.0000534057617188,7.200637832283973e-05
24500,81.69026,243.30981,81.690186,7.6293945e-05,-80.80978,83.07785034179688,242.9221954345703,1.0000457763671875,7.569275796413421e-05
24750,81.68952,243.31056,81.68944,8.392334e-05,-80.81052,83.07725524902344,242.92281341552734,1.0000686645507812,7.118212680021922e-05
25000,81.68886,243.31123,81.68877,9.1552734e-05,-80.81119,83.07662963867188,242.92347717285156,1.0001068115234375,7.218459000190099e-05
25250,81.68821,243.31189,81.68811,9.918213e-05,-80.811844,83.07597351074219,242.92412567138672,1.0000991821289062,7.657036806146304e-05
25500,81.68759,243.31256,81.68744,0.00015258789,-80.812485,83.07540130615234,242.92469787597656,1.0000991821289062,7.409890492757162e-05
25750,81.686935,243.31322,81.68678,0.00015258789,-80.81314,83.07479858398438,242.9252700805664,1.0000686645507812,7.351848607261976e-05
26000,81.686195,243.31395,81.68605,0.0001449585,-80.81387,83.07422637939453,242.92584991455078,1.0000762939453125,7.440832753976186e-05
26250,81.68546,243.31468,81.68532,0.0001449585,-80.814606,83.07361602783203,242.92650604248047,1.0001220703125,7.251016174753507e-05
26500,81.68477,243.3154,81.6846,0.00016784668,-80.815315,83.07308197021484,242.9269790649414,1.00006103515625,7.751510788997014e-05
26750,81.6841,243.31609,81.683914,0.00018310547,-80.815994,83.07258605957031,242.9275894165039,1.0001754760742188,7.810482755303383e-05
27000,81.6834,243.31677,81.68323,0.00017547607,-80.81668,83.07196807861328,242.92815399169922,1.0001220703125,8.081593240300815e-05
27250,81.68273,243.31743,81.68257,0.00016021729,-80.81735,83.07147216796875,242.92859649658203,1.0000686645507812,7.314225037892659e-05
27500,81.682106,243.31805,81.681946,0.00016021729,-80.81798,83.07093048095703,242.92916870117188,1.0000991821289062,7.17373564839363e-05
27750,81.681465,243.31868,81.68132,0.0001449585,-80.8186,83.07040405273438,242.92970275878906,1.0001068115234375,7.267022505402565e-05
28000,81.680824,243.31934,81.680664,0.00016021729,-80.81926,83.0699234008789,242.93018341064453,1.0001068115234375,7.735458513100942e-05
28250,81.68024,243.31993,81.68007,0.00016784668,-80.81985,83.06936645507812,242.93072509765625,1.000091552734375,8.241457243760426e-05
28500,81.679665,243.32051,81.67949,0.00017547607,-80.82042,83.0688705444336,242.9311981201172,1.0000686645507812,8.103514711062113e-05
28750,81.67907,243.32108,81.678925,0.0001449585,-80.821,83.06836700439453,242.93165588378906,1.0000228881835938,7.725223898887635e-05
29000,81.678505,243.32164,81.67836,0.0001449585,-80.82156,83.0678939819336,242.93219757080078,1.000091552734375,7.87932425737381e-05
29250,81.67796,243.32219,81.67781,0.00015258789,-80.82211,83.06743621826172,242.9326171875,1.0000534057617188,7.558694730202357e-05
29500,81.677444,243.32272,81.67728,0.00016784668,-80.82264,83.0669174194336,242.9331512451172,1.0000686645507812,8.483698591589928e-05
29750,81.6769,243.32327,81.67673,0.00017547607,-80.82318,83.06649017333984,242.93359375,1.0000839233398438,7.533794268965721e-05
30000,81.67638,243.32376,81.67624,0.0001373291,-80.82369,83.06602478027344,242.93406677246094,1.000091552734375,7.552284747362136e-05
30250,81.67593,243.32423,81.675766,0.00016021729,-80.82416,83.0655746459961,242.9345474243164,1.0001220703125,7.616262882947922e-05
30500,81.67552,243.32465,81.675354,0.00016784668,-80.82456,83.06513214111328,242.9350128173828,1.0001449584960938,7.658512021104495e-05
30750,81.67513,243.32504,81.67496,0.00017547607,-80.82495,83.064697265625,242.9354705810547,1.0001678466796875,7.699750363826752e-05
31000,81.67473,243.32542,81.674576,0.00015258789,-80.82535,83.0642318725586,242.93592071533203,1.000152587890625,7.699782649676005e-05
31250,81.67435,243.32579,81.67421,0.0001373291,-80.82572,83.06378173828125,242.93634796142578,1.0001296997070312,7.727547238270441e-05
31500,81.67397,243.32614,81.67386,0.00011444092,-80.82608,83.0633316040039,242.936767578125,1.0000991821289062,7.752741997440656e-05
31750,81.67361,243.32652,81.67348,0.0001296997,-80.82646,83.06289672851562,242.9371566772461,1.0000534057617188,7.738725592692693e-05
32000,81.67319,243.32692,81.67308,0.00010681152,-80.826866,83.06248474121094,242.93756103515625,1.0000457763671875,7.644004498918852e-05
32250,81.67278,243.32736,81.67264,0.0001449585,-80.827286,83.06206512451172,242.93795776367188,1.0000228881835938,7.678311318159104e-05
32500,81.67237,243.32777,81.672226,0.0001449585,-80.8277,83.06165313720703,242.93833923339844,0.9999923706054688,7.923771937688192e-05
32750,81.67192,243.32823,81.67177,0.00015258789,-80.828156,83.06132507324219,242.9388198852539,1.0001449584960938,8.310930182536443e-05
33000,81.67149,243.32866,81.67134,0.00015258789,-80.82858,83.06092071533203,242.93911743164062,1.0000381469726562,7.668288424611091e-05
33250,81.67105,243.32909,81.67091,0.0001373291,-80.82902,83.06049346923828,242.93954467773438,1.0000381469726562,7.601789509256681e-05
33500,81.67065,243.3295,81.6705,0.0001449585,-80.82942,83.06018829345703,242.93983459472656,1.0000228881835938,7.922856758038203e-05
33750,81.67023,243.32993,81.670074,0.00015258789,-80.82985,83.05982208251953,242.94022369384766,1.0000457763671875,8.041201159358025e-05
34000,81.66982,243.33034,81.66966,0.00016021729,-80.83026,83.0594711303711,242.94056701660156,1.0000381469726562,7.716809088985126e-05
34250,81.66942,243.33073,81.669266,0.00015258789,-80.83066,83.05905151367188,242.94087982177734,0.9999313354492188,8.211891477306684e-05
34500,81.66903,243.33113,81.66887,0.00016021729,-80.831055,83.05872344970703,242.94129180908203,1.0000152587890625,8.270362392067909e-05
34750,81.66863,243.33153,81.66847,0.00016021729,-80.83145,83.05844116210938,242.94164276123047,1.0000839233398438,8.386244997382164e-05
35000,81.668236,243.33192,81.668076,0.00016021729,-80.83185,83.05806732177734,242.94193267822266,1.0,7.871239756544431e-05
35250,81.66785,243.3323,81.667694,0.00015258789,-80.83223,83.05775451660156,242.94232177734375,1.0000762939453125,7.991700743635496e-05
35500,81.667465,243.33269,81.66731,0.00015258789,-80.83261,83.0573501586914,242.94268035888672,1.000030517578125,8.125478401780129e-05
35750,81.6671,243.33305,81.66695,0.00015258789,-80.83298,83.05704498291016,242.94293212890625,0.9999771118164062,8.111419156193733e-05
36000,81.66674,243.33339,81.66661,0.0001296997,-80.83333,83.05674743652344,242.94332122802734,1.0000686645507812,8.217168971896171e-05
36250,81.66642,243.33374,81.66626,0.00016021729,-80.833664,83.05638885498047,242.94353485107422,0.9999237060546875,8.167306582132975e-05
36500,81.66605,243.33408,81.665924,0.0001296997,-80.834015,83.05607604980469,242.94384765625,0.9999237060546875,8.148786922295888e-05
36750,81.665695,243.33443,81.66557,0.00012207031,-80.834366,83.05574035644531,242.9442138671875,0.9999542236328125,8.467607821027438e-05
37000,81.665344,243.33476,81.66524,0.00010681152,-80.83471,83.05545043945312,242.94451141357422,0.9999618530273438,8.410895864168803e-05
37250,81.66501,243.33513,81.66487,0.0001373291,-80.83506,83.05511474609375,242.94480895996094,0.9999237060546875,8.149549985925356e-05
37500,81.664665,243.33546,81.664536,0.0001296997,-80.8354,83.0548324584961,242.94506072998047,0.9998931884765625,8.491624146699905e-05
37750,81.664345,243.3358,81.6642,0.0001449585,-80.835724,83.05455780029297,242.9453887939453,0.9999465942382812,8.529695371786753e-05
38000,81.66401,243.33614,81.663864,0.0001449585,-80.83606,83.0542984008789,242.94564819335938,0.9999465942382812,8.358178039391835e-05
38250,81.66368,243.33646,81.66354,0.0001373291,-80.83639,83.05397033691406,242.94596099853516,0.9999313354492188,7.785718888044358e-05
38500,81.66336,243.33678,81.66322,0.0001373291,-80.83671,83.05369567871094,242.9462661743164,0.9999618530273438,8.115460475285848e-05
38750,81.66304,243.3371,81.6629,0.0001373291,-80.83703,83.05345916748047,242.94646453857422,0.9999237060546875,8.105974023540815e-05
39000,81.66272,243.3374,81.6626,0.00012207031,-80.83734,83.05319213867188,242.94676208496094,0.9999542236328125,8.174289638797442e-05
39250,81.662415,243.3377,81.66229,0.00012207031,-80.83765,83.05288696289062,242.947021484375,0.999908447265625,8.478917802373568e-05
39500,81.66211,243.33801,81.66199,0.00012207031,-80.83795,83.05265045166016,242.94727325439453,0.9999237060546875,8.105493461092313e-05
39750,81.661804,243.33833,81.66167,0.0001373291,-80.838264,83.05238342285156,242.94752502441406,0.999908447265625,8.3817591269811e-05
40000,81.6615,243.33864,81.66136,0.0001373291,-80.83857,83.05213928222656,242.94781494140625,0.9999542236328125,8.475100000699361e-05
40250,81.66121,243.33894,81.66106,0.00015258789,-80.83887,83.0518798828125,242.9480209350586,0.9999008178710938,8.421368276079495e-05
40500,81.66092,243.33922,81.66078,0.0001373291,-80.83915,83.05164337158203,242.9482879638672,0.9999313354492188,7.969152803222338e-05
40750,81.660645,243.33952,81.66048,0.00016784668,-80.83944,83.0513916015625,242.9485626220703,0.9999542236328125,8.077344546715418e-05
41000,81.66037,243.33978,81.66022,0.00015258789,-80.83971,83.05115509033203,242.94881439208984,0.999969482421875,8.086307595173518e-05
41250,81.660095,243.34007,81.65993,0.00016784668,-80.83999,83.0509262084961,242.94900512695312,0.9999313354492188,7.967522988716761e-05
41500,81.65981,243.34035,81.65965,0.00016021729,-80.84027,83.0506591796875,242.94927978515625,0.99993896484375,7.82599300146103e-05
41750,81.65953,243.34059,81.65941,0.00012207031,-80.84053,83.05042266845703,242.94951629638672,0.99993896484375,8.428373684485753e-05
42000,81.65927,243.3409,81.6591,0.00016784668,-80.84081,83.05017852783203,242.9496841430664,0.9998626708984375,8.579336727658908e-05
42250,81.65898,243.34116,81.658844,0.0001373291,-80.84109,83.04998779296875,242.94996643066406,0.9999542236328125,8.665251856048902e-05
42500,81.65874,243.34142,81.658585,0.00015258789,-80.84134,83.04976654052734,242.9502182006836,0.9999847412109375,8.357669537266096e-05
42750,81.65846,243.34167,81.658325,0.0001373291,-80.841606,83.04955291748047,242.95040893554688,0.9999618530273438,8.726997300982475e-05
43000,81.658226,243.34193,81.658066,0.00016021729,-80.84186,83.0492935180664,242.9505844116211,0.9998779296875,8.954020837942759e-05
43250,81.657974,243.3422,81.65781,0.00016784668,-80.84211,83.04912567138672,242.95083618164062,0.9999618530273438,8.216828728715579e-05
43500,81.657745,243.34242,81.65758,0.00016784668,-80.84234,83.04895782470703,242.95098876953125,0.9999465942382812,8.152322222789128e-05
43750,81.65751,243.34264,81.657364,0.0001449585,-80.84256,83.04869842529297,242.95124053955078,0.99993896484375,8.536782115697861e-05
44000,81.65727,243.34285,81.65715,0.00012207031,-80.84279,83.04853820800781,242.95142364501953,0.9999618530273438,8.214183151721954e-05
44250,81.65708,243.34303,81.65697,0.00011444092,-80.84297,83.04827117919922,242.95166778564453,0.99993896484375,8.599895983934402e-05
44500,81.6569,243.34323,81.65677,0.0001296997,-80.84317,83.0481185913086,242.95183563232422,0.9999542236328125,8.244226997097333e-05
44750,81.65671,243.34341,81.656586,0.00012207031,-80.84335,83.04785919189453,242.95208740234375,0.9999465942382812,8.629140754540761e-05
45000,81.65654,243.34358,81.65642,0.00012207031,-80.84352,83.0477294921875,242.95223999023438,0.999969482421875,8.273440723617871e-05
45250,81.656364,243.34377,81.656235,0.0001296997,-80.843704,83.0474624633789,242.95248413085938,0.9999465942382812,8.64678497115771e-05
45500,81.6562,243.34395,81.65605,0.0001449585,-80.84387,83.04733276367188,242.95264434814453,0.9999771118164062,8.30009455482165e-05
45750,81.65603,243.34412,81.65588,0.0001449585,-80.84404,83.04707336425781,242.952880859375,0.9999542236328125,8.669641489783923e-05
46000,81.65586,243.34428,81.655716,0.0001449585,-80.84421,83.04695129394531,242.9530258178711,0.9999771118164062,8.315373832980792e-05
46250,81.655685,243.34444,81.65556,0.00012207031,-80.844376,83.04669189453125,242.9532470703125,0.99993896484375,8.703578263521195e-05
46500,81.655525,243.34459,81.65541,0.00011444092,-80.84453,83.04655456542969,242.9533920288086,0.9999465942382812,8.332503959536553e-05
46750,81.655365,243.34476,81.65524,0.00012207031,-80.844696,83.04631805419922,242.95361328125,0.9999313354492188,8.705437183380127e-05
47000,81.6552,243.34492,81.655075,0.00012207031,-80.844864,83.04618835449219,242.9537582397461,0.9999465942382812,8.354415496190389e-05
47250,81.655045,243.34505,81.65495,9.1552734e-05,-80.845,83.04595184326172,242.9539566040039,0.999908447265625,8.716899901628494e-05
47500,81.65488,243.34521,81.654785,9.1552734e-05,-80.84517,83.04582977294922,242.9541015625,0.9999313354492188,8.356305460135142e-05
47750,81.65473,243.34537,81.65463,9.918213e-05,-80.84532,83.04559326171875,242.95431518554688,0.999908447265625,8.736290037631988e-05
48000,81.65458,243.3455,81.654495,8.392334e-05,-80.84546,83.04548645019531,242.95443725585938,0.9999237060546875,8.357102051377296e-05
48250,81.65443,243.34566,81.65434,8.392334e-05,-80.84561,83.04524230957031,242.95462799072266,0.9998703002929688,8.738081902265549e-05
48500,81.65428,243.3458,81.654205,7.6293945e-05,-80.84576,83.0451431274414,242.9547576904297,0.9999008178710938,8.373889451225599e-05
48750,81.65412,243.34595,81.65405,6.866455e-05,-80.84592,83.04491424560547,242.9549560546875,0.9998703002929688,8.740214630961418e-05
49000,81.653984,243.34608,81.653915,6.866455e-05,-80.846054,83.04481506347656,242.955078125,0.9998931884765625,8.377999688188235e-05
49250,81.65384,243.34622,81.65378,6.1035156e-05,-80.84619,83.04459381103516,242.9552764892578,0.9998703002929688,8.753760407368342e-05
49500,81.6537,243.34636,81.65364,6.1035156e-05,-80.84633,83.04448699951172,242.95539093017578,0.9998779296875,8.367008219162623e-05
49750,81.65356,243.3465,81.6535,5.340576e-05,-80.846466,83.04426574707031,242.9555892944336,0.9998550415039062,8.74149613082409e-05
50000,81.65342,243.34662,81.65338,3.8146973e-05,-80.8466,83.04417419433594,242.95569610595703,0.9998703002929688,8.370136221249898e-05
50250,81.65328,243.34676,81.653244,3.8146973e-05,-80.84674,83.04396057128906,242.95587921142578,0.9998397827148438,8.733176936705907e-05
50500,81.65315,243.3469,81.65311,4.5776367e-05,-80.84687,83.04386901855469,242.95600128173828,0.9998703002929688,8.360926061868667e-05
50750,81.65303,243.34702,81.652985,4.5776367e-05,-80.84699,83.04366302490234,242.95618438720703,0.999847412109375,8.734892432888348e-05
51000,81.6529,243.34715,81.65285,5.340576e-05,-80.84712,83.04358673095703,242.95628356933594,0.9998703002929688,8.348884681860605e-05
51250,81.65278,243.3473,81.652695,8.392334e-05,-80.84726,83.04338836669922,242.95648956298828,0.9998779296875,8.138629297415416e-05
51500,81.65265,243.34747,81.65253,0.00012207031,-80.84741,83.04330444335938,242.95658111572266,0.9998855590820312,8.241770168145497e-05
51750,81.652534,243.3476,81.652405,0.0001296997,-80.847534,83.04312133789062,242.95671844482422,0.9998397827148438,8.564106499155362e-05
52000,81.65238,243.34772,81.65228,9.918213e-05,-80.84767,83.04303741455078,242.95684051513672,0.9998779296875,8.370058611035348e-05
52250,81.65226,243.34784,81.65216,9.918213e-05,-80.84779,83.04290771484375,242.95700073242188,0.999908447265625,8.29080988963445e-05
52500,81.65212,243.34798,81.65202,9.918213e-05,-80.84793,83.04280853271484,242.95716857910156,0.9999771118164062,8.441286782423655e-05
52750,81.652016,243.34814,81.651855,0.00016021729,-80.84807,83.0426025390625,242.95733642578125,0.99993896484375,8.695077151060104e-05
53000,81.65186,243.34827,81.65173,0.0001296997,-80.848206,83.04248046875,242.95743560791016,0.9999160766601562,8.257742971181869e-05
53250,81.65173,243.34843,81.651566,0.00016784668,-80.84835,83.04240417480469,242.95751953125,0.9999237060546875,8.710242186983427e-05
53500,81.651596,243.3486,81.6514,0.00019836426,-80.8485,83.04219818115234,242.95767211914062,0.9998703002929688,9.230901176730791e-05
53750,81.65144,243.34872,81.651276,0.00016784668,-80.84864,83.04209899902344,242.9578399658203,0.99993896484375,8.220657706260681e-05
54000,81.6513,243.34886,81.65114,0.00016021729,-80.848785,83.04200744628906,242.95791625976562,0.9999237060546875,8.336123699943225e-05
54250,81.65117,243.349,81.651,0.00016784668,-80.848915,83.04190826416016,242.95803833007812,0.9999465942382812,8.911014844973882e-05
54500,81.65102,243.34917,81.65083,0.00018310547,-80.849075,83.04177856445312,242.95816040039062,0.99993896484375,8.912288894255956e-05
54750,81.65089,243.3493,81.650696,0.00019073486,-80.84921,83.04167175292969,242.958251953125,0.9999237060546875,8.501313005884489e-05
55000,81.650764,243.34944,81.65056,0.00020599365,-80.849335,83.04158782958984,242.9583969116211,0.9999847412109375,8.554477244615555e-05
55250,81.650635,243.34956,81.65044,0.00019836426,-80.849464,83.04142761230469,242.95848083496094,0.999908447265625,8.573787907759348e-05
55500,81.6505,243.34972,81.65028,0.00021362305,-80.84961,83.0413589477539,242.95858001708984,0.99993896484375,8.687968676288923e-05
55750,81.65036,243.34984,81.65016,0.00019836426,-80.84974,83.04122924804688,242.9586944580078,0.9999237060546875,8.715373153487842e-05
56000,81.65024,243.34999,81.65001,0.00022888184,-80.84988,83.04113006591797,242.9588165283203,0.9999465942382812,8.705792327721914e-05
56250,81.65011,243.3501,81.6499,0.00020599365,-80.84999,83.04103088378906,242.9589080810547,0.99993896484375,8.818653722604116e-05
56500,81.64999,243.3502,81.649796,0.00019073486,-80.85011,83.04090118408203,242.95901489257812,0.9999160766601562,8.768318841854732e-05
56750,81.64986,243.35036,81.64964,0.00021362305,-80.85025,83.04080200195312,242.95911407470703,0.9999160766601562,8.682546516259511e-05
57000,81.649734,243.35046,81.649536,0.00019836426,-80.850365,83.04069519042969,242.95922088623047,0.9999160766601562,8.751440172394117e-05
57250,81.64962,243.3506,81.6494,0.00022125244,-80.850494,83.04055786132812,242.95932006835938,0.9998779296875,9.200748056173324e-05
57500,81.64951,243.35072,81.64928,0.00023651123,-80.8506,83.0405502319336,242.95938873291016,0.99993896484375,8.697253962357839e-05
57750,81.64939,243.35085,81.649155,0.00023651123,-80.85072,83.04039001464844,242.95955657958984,0.9999465942382812,8.915452907482783e-05
58000,81.649254,243.35097,81.64903,0.00022125244,-80.85086,83.04035949707031,242.95962524414062,0.9999847412109375,8.556466549634934e-05
58250,81.64915,243.35107,81.648926,0.00022125244,-80.85097,83.04025268554688,242.9597625732422,1.0000152587890625,9.067822247743607e-05
58500,81.649025,243.35121,81.64879,0.00023651123,-80.85109,83.04011535644531,242.95985412597656,0.999969482421875,9.076471130053202e-05
58750,81.64892,243.3513,81.6487,0.00022125244,-80.8512,83.03997802734375,242.9599609375,0.99993896484375,8.908548702796301e-05
59000,81.64881,243.35143,81.648575,0.00023651123,-80.8513,83.03990936279297,242.9600067138672,0.9999160766601562,8.695316811402638e-05
59250,81.64869,243.35152,81.64848,0.00020599365,-80.85141,83.03982543945312,242.96009826660156,0.9999237060546875,8.961079642176628e-05
59500,81.64859,243.35165,81.648346,0.00024414062,-80.85153,83.03974914550781,242.96021270751953,0.9999618530273438,9.056439623236656e-05
59750,81.64848,243.35175,81.648254,0.00022888184,-80.85163,83.03971099853516,242.96029663085938,1.0000076293945312,8.916531999905905e-05
60000,81.648384,243.35185,81.64815,0.00023651123,-80.85173,83.03960418701172,242.96036529541016,0.999969482421875,8.674624686439832e-05
