step,Mff,MFF,Mr,Mb,Mracc,Mbacc,Mrho,fF_maxdiff,d_fc_abs,d_frho_abs,d_crho_abs
1,2.880000643730e+04,2.880000643730e+04,1.920000443125e+04,9.600002147675e+03,0.000000000000e+00,0.000000000000e+00,2.880001013446e+04,0.000000000000e+00,-1.416206359863e-04,-3.697156906128e-03,-3.555536270142e-03
200,2.880001176789e+04,2.880001176789e+04,1.920000987129e+04,9.600001947907e+03,0.000000000000e+00,0.000000000000e+00,2.880001178575e+04,0.000000000000e+00,-5.131057696417e-05,-1.785531640053e-05,3.345526056364e-05
400,2.880001224379e+04,2.880001224379e+04,1.920000692566e+04,9.599999902568e+03,0.000000000000e+00,0.000000000000e+00,2.880001226902e+04,0.000000000000e+00,5.415557556262e-03,-2.523325383663e-05,-5.440790810098e-03
600,2.880001273275e+04,2.880001273275e+04,1.920000340081e+04,9.599998468960e+03,0.000000000000e+00,0.000000000000e+00,2.880001271015e+04,0.000000000000e+00,1.086298224982e-02,2.259947359562e-05,-1.084038277622e-02
800,2.880001285390e+04,2.880001285390e+04,1.919999970356e+04,9.599996674828e+03,0.000000000000e+00,0.000000000000e+00,2.880001284969e+04,0.000000000000e+00,1.647551342649e-02,4.209578037262e-06,-1.647130384663e-02
1000,2.880001294382e+04,2.880001294382e+04,1.919999564216e+04,9.599994677469e+03,0.000000000000e+00,0.000000000000e+00,2.880001294166e+04,0.000000000000e+00,2.262418745158e-02,2.156943082809e-06,-2.262203050850e-02
1200,2.880001294812e+04,2.880001294812e+04,1.919999171076e+04,9.599992598828e+03,0.000000000000e+00,0.000000000000e+00,2.880001296359e+04,0.000000000000e+00,2.863853516101e-02,-1.547485589981e-05,-2.865401001691e-02
1400,2.880001324649e+04,2.880001324649e+04,1.919998797283e+04,9.599990589442e+03,0.000000000000e+00,0.000000000000e+00,2.880001323640e+04,0.000000000000e+00,3.468421190337e-02,1.008436083794e-05,-3.467412754253e-02
1600,2.880001313313e+04,2.880001313313e+04,1.919998393885e+04,9.599988586450e+03,0.000000000000e+00,0.000000000000e+00,2.880001313585e+04,0.000000000000e+00,4.060783795649e-02,-2.715736627579e-06,-4.061055369311e-02
1800,2.880001305992e+04,2.880001305992e+04,1.919997940555e+04,9.599986595726e+03,0.000000000000e+00,0.000000000000e+00,2.880001307178e+04,0.000000000000e+00,4.705863893832e-02,-1.185946166515e-05,-4.707049839999e-02
2000,2.880001315806e+04,2.880001315806e+04,1.919997461133e+04,9.599984545013e+03,0.000000000000e+00,0.000000000000e+00,2.880001316851e+04,0.000000000000e+00,5.400172232112e-02,-1.044943928719e-05,-5.401217176041e-02
2200,2.880001296150e+04,2.880001296150e+04,1.919996992852e+04,9.599982554741e+03,0.000000000000e+00,0.000000000000e+00,2.880001294595e+04,0.000000000000e+00,6.047823433801e-02,1.554563641548e-05,-6.046268869977e-02
2400,2.880001257833e+04,2.880001257833e+04,1.919996477792e+04,9.599980733394e+03,0.000000000000e+00,0.000000000000e+00,2.880001256394e+04,0.000000000000e+00,6.706702202973e-02,1.439079642296e-05,-6.705263123149e-02
2600,2.880001241453e+04,2.880001241453e+04,1.919995974282e+04,9.599978758913e+03,0.000000000000e+00,0.000000000000e+00,2.880001241118e+04,0.000000000000e+00,7.391279771400e-02,3.356486558914e-06,-7.390944122744e-02
2800,2.880001208453e+04,2.880001208453e+04,1.919995469087e+04,9.599976673689e+03,0.000000000000e+00,0.000000000000e+00,2.880001207155e+04,0.000000000000e+00,8.071996747822e-02,1.297891139984e-05,-8.070698856682e-02
3000,2.880001204314e+04,2.880001204314e+04,1.919994931694e+04,9.599974569243e+03,0.000000000000e+00,0.000000000000e+00,2.880001205009e+04,0.000000000000e+00,8.815695554222e-02,-6.955116987228e-06,-8.816391065920e-02
3200,2.880001166055e+04,2.880001166055e+04,1.919994380361e+04,9.599972367059e+03,0.000000000000e+00,0.000000000000e+00,2.880001166171e+04,0.000000000000e+00,9.548987996277e-02,-1.162290573120e-06,-9.549104225152e-02
3400,2.880001157088e+04,2.880001157088e+04,1.919993838740e+04,9.599970049781e+03,0.000000000000e+00,0.000000000000e+00,2.880001157242e+04,0.000000000000e+00,1.031337020977e-01,-1.538544893265e-06,-1.031352406426e-01
3600,2.880001173634e+04,2.880001173634e+04,1.919993295785e+04,9.599967703477e+03,0.000000000000e+00,0.000000000000e+00,2.880001173282e+04,0.000000000000e+00,1.110750134103e-01,3.524124622345e-06,-1.110714892857e-01
3800,2.880001160628e+04,2.880001160628e+04,1.919992794542e+04,9.599965619181e+03,0.000000000000e+00,0.000000000000e+00,2.880001160240e+04,0.000000000000e+00,1.180416825755e-01,3.879889845848e-06,-1.180378026838e-01
4000,2.880001192315e+04,2.880001192315e+04,1.919992308184e+04,9.599963505946e+03,0.000000000000e+00,0.000000000000e+00,2.880001191211e+04,0.000000000000e+00,1.253353696538e-01,1.104548573494e-05,-1.253243241663e-01
4200,2.880001199336e+04,2.880001199336e+04,1.919991841605e+04,9.599961627081e+03,0.000000000000e+00,0.000000000000e+00,2.880001199996e+04,0.000000000000e+00,1.319502313054e-01,-6.606802344322e-06,-1.319568381077e-01
4400,2.880001220945e+04,2.880001220945e+04,1.919991374903e+04,9.599959353103e+03,0.000000000000e+00,0.000000000000e+00,2.880001217282e+04,0.000000000000e+00,1.391073113009e-01,3.663077950478e-05,-1.390706805214e-01
4600,2.880001219067e+04,2.880001219067e+04,1.919990946276e+04,9.599956807142e+03,0.000000000000e+00,0.000000000000e+00,2.880001220614e+04,0.000000000000e+00,1.459207712505e-01,-1.546368002892e-05,-1.459362349306e-01
4800,2.880001222472e+04,2.880001222472e+04,1.919990574220e+04,9.599954368105e+03,0.000000000000e+00,0.000000000000e+00,2.880001222366e+04,0.000000000000e+00,1.521144143517e-01,1.054257154465e-06,-1.521133600945e-01
5000,2.880001149616e+04,2.880001149616e+04,1.919990180572e+04,9.599951825048e+03,0.000000000000e+00,0.000000000000e+00,2.880001150554e+04,0.000000000000e+00,1.578653913457e-01,-9.380280971527e-06,-1.578747716267e-01
5200,2.880001175017e+04,2.880001175017e+04,1.919989794048e+04,9.599949196142e+03,0.000000000000e+00,0.000000000000e+00,2.880001174057e+04,0.000000000000e+00,1.646135497322e-01,9.603798389435e-06,-1.646039459338e-01
5400,2.880001135673e+04,2.880001135673e+04,1.919989447960e+04,9.599946602310e+03,0.000000000000e+00,0.000000000000e+00,2.880001134330e+04,0.000000000000e+00,1.702748178541e-01,1.343153417110e-05,-1.702613863199e-01
5600,2.880001174828e+04,2.880001174828e+04,1.919989146347e+04,9.599943675732e+03,0.000000000000e+00,0.000000000000e+00,2.880001176071e+04,0.000000000000e+00,1.766090817218e-01,-1.242756843567e-05,-1.766215092903e-01
5800,2.880001073719e+04,2.880001073719e+04,1.919988846633e+04,9.599940813030e+03,0.000000000000e+00,0.000000000000e+00,2.880001076150e+04,0.000000000000e+00,1.814578369158e-01,-2.430565655231e-05,-1.814821425723e-01
6000,2.880001064874e+04,2.880001064874e+04,1.919988526967e+04,9.599937618141e+03,0.000000000000e+00,0.000000000000e+00,2.880001063263e+04,0.000000000000e+00,1.877609278599e-01,1.610442996025e-05,-1.877448234300e-01
6200,2.880001017244e+04,2.880001017244e+04,1.919988222893e+04,9.599934604072e+03,0.000000000000e+00,0.000000000000e+00,2.880001016498e+04,0.000000000000e+00,1.933394388107e-01,7.463619112968e-06,-1.933319751915e-01
6400,2.880000967119e+04,2.880000967119e+04,1.919987947407e+04,9.599931610368e+03,0.000000000000e+00,0.000000000000e+00,2.880000967366e+04,0.000000000000e+00,1.985867520343e-01,-2.462416887283e-06,-1.985892144512e-01
6600,2.880000879027e+04,2.880000879027e+04,1.919987637343e+04,9.599928643777e+03,0.000000000000e+00,0.000000000000e+00,2.880000880063e+04,0.000000000000e+00,2.037730603606e-01,-1.035630702972e-05,-2.037834166695e-01
6800,2.880001006478e+04,2.880001006478e+04,1.919987362815e+04,9.599925465427e+03,0.000000000000e+00,0.000000000000e+00,2.880001006198e+04,0.000000000000e+00,2.109711999256e-01,2.801418304443e-06,-2.109683985072e-01
7000,2.880001113845e+04,2.880001113845e+04,1.919987080911e+04,9.599922511936e+03,0.000000000000e+00,0.000000000000e+00,2.880001114851e+04,0.000000000000e+00,2.178174040782e-01,-1.006573438644e-05,-2.178274698126e-01
7200,2.880001298732e+04,2.880001298732e+04,1.919986827616e+04,9.599919191921e+03,0.000000000000e+00,0.000000000000e+00,2.880001300919e+04,0.000000000000e+00,2.255192412067e-01,-2.186745405197e-05,-2.255411086589e-01
7400,2.880001380104e+04,2.880001380104e+04,1.919986565009e+04,9.599915727627e+03,0.000000000000e+00,0.000000000000e+00,2.880001381367e+04,0.000000000000e+00,2.324233215095e-01,-1.263618469238e-05,-2.324359576960e-01
7600,2.880001475151e+04,2.880001475151e+04,1.919986300235e+04,9.599912081967e+03,0.000000000000e+00,0.000000000000e+00,2.880001474631e+04,0.000000000000e+00,2.396672017912e-01,5.206093192101e-06,-2.396619956999e-01
7800,2.880001473131e+04,2.880001473131e+04,1.919986050867e+04,9.599908540434e+03,0.000000000000e+00,0.000000000000e+00,2.880001473504e+04,0.000000000000e+00,2.456822053828e-01,-3.729015588760e-06,-2.456859343984e-01
8000,2.880001570563e+04,2.880001570563e+04,1.919985844184e+04,9.599905035126e+03,0.000000000000e+00,0.000000000000e+00,2.880001570255e+04,0.000000000000e+00,2.522286576350e-01,3.082677721977e-06,-2.522255749573e-01
8200,2.880001706352e+04,2.880001706352e+04,1.919985619391e+04,9.599901570586e+03,0.000000000000e+00,0.000000000000e+00,2.880001706940e+04,0.000000000000e+00,2.592990192861e-01,-5.882233381271e-06,-2.593049015195e-01
8400,2.880001907689e+04,2.880001907689e+04,1.919985368444e+04,9.599898000628e+03,0.000000000000e+00,0.000000000000e+00,2.880001906729e+04,0.000000000000e+00,2.673918186774e-01,9.600073099136e-06,-2.673822186043e-01
8600,2.880001923479e+04,2.880001923479e+04,1.919985207174e+04,9.599894635679e+03,0.000000000000e+00,0.000000000000e+00,2.880001924288e+04,0.000000000000e+00,2.725273691485e-01,-8.096918463707e-06,-2.725354660652e-01
8800,2.880001989310e+04,2.880001989310e+04,1.919984997926e+04,9.599891530690e+03,0.000000000000e+00,0.000000000000e+00,2.880001987934e+04,0.000000000000e+00,2.783831445049e-01,1.375563442707e-05,-2.783693888705e-01
9000,2.880001952991e+04,2.880001952991e+04,1.919984846622e+04,9.599888368407e+03,0.000000000000e+00,0.000000000000e+00,2.880001953048e+04,0.000000000000e+00,2.826952831238e-01,-5.625188350677e-07,-2.826958456426e-01
9200,2.880002054047e+04,2.880002054047e+04,1.919984655350e+04,9.599885156207e+03,0.000000000000e+00,0.000000000000e+00,2.880002054369e+04,0.000000000000e+00,2.888307669091e-01,-3.224238753319e-06,-2.888339911478e-01
9400,2.880002086839e+04,2.880002086839e+04,1.919984469722e+04,9.599882132330e+03,0.000000000000e+00,0.000000000000e+00,2.880002086425e+04,0.000000000000e+00,2.940388366842e-01,4.140660166740e-06,-2.940346960240e-01
9600,2.880002094972e+04,2.880002094972e+04,1.919984248113e+04,9.599879086375e+03,0.000000000000e+00,0.000000000000e+00,2.880002094650e+04,0.000000000000e+00,2.993822158205e-01,3.220513463020e-06,-2.993789953071e-01
9800,2.880001989679e+04,2.880001989679e+04,1.919984013618e+04,9.599876358320e+03,0.000000000000e+00,0.000000000000e+00,2.880001989180e+04,0.000000000000e+00,3.034022909342e-01,4.995614290237e-06,-3.033972953199e-01
10000,2.880002046924e+04,2.880002046924e+04,1.919983822676e+04,9.599873196616e+03,0.000000000000e+00,0.000000000000e+00,2.880002047932e+04,0.000000000000e+00,3.090458631086e-01,-1.007877290249e-05,-3.090559418815e-01
10200,2.880002103205e+04,2.880002103205e+04,1.919983635417e+04,9.599870671937e+03,0.000000000000e+00,0.000000000000e+00,2.880002103496e+04,0.000000000000e+00,3.140059428952e-01,-2.902001142502e-06,-3.140088448963e-01
10400,2.880002141122e+04,2.880002141122e+04,1.919983412781e+04,9.599868225119e+03,0.000000000000e+00,0.000000000000e+00,2.880002141494e+04,0.000000000000e+00,3.190582851166e-01,-3.717839717865e-06,-3.190620029563e-01
10600,2.880002209487e+04,2.880002209487e+04,1.919983174550e+04,9.599865655580e+03,0.000000000000e+00,0.000000000000e+00,2.880002210051e+04,0.000000000000e+00,3.246937930762e-01,-5.634501576424e-06,-3.246994275760e-01
10800,2.880002178907e+04,2.880002178907e+04,1.919983042118e+04,9.599863302539e+03,0.000000000000e+00,0.000000000000e+00,2.880002177680e+04,0.000000000000e+00,3.280653524507e-01,1.227483153343e-05,-3.280530776174e-01
11000,2.880001973467e+04,2.880001973467e+04,1.919982890003e+04,9.599861005773e+03,0.000000000000e+00,0.000000000000e+00,2.880001971442e+04,0.000000000000e+00,3.298288676215e-01,2.025254070759e-05,-3.298086150826e-01
11200,2.880001969264e+04,2.880001969264e+04,1.919982695471e+04,9.599858468690e+03,0.000000000000e+00,0.000000000000e+00,2.880001969820e+04,0.000000000000e+00,3.342692473343e-01,-5.559995770454e-06,-3.342748073301e-01
11400,2.880001897226e+04,2.880001897226e+04,1.919982538790e+04,9.599856247766e+03,0.000000000000e+00,0.000000000000e+00,2.880001896220e+04,0.000000000000e+00,3.373365913685e-01,1.005083322525e-05,-3.373265405353e-01
11600,2.880001921956e+04,2.880001921956e+04,1.919982348769e+04,9.599854111749e+03,0.000000000000e+00,0.000000000000e+00,2.880001921302e+04,0.000000000000e+00,3.416201270593e-01,6.543472409248e-06,-3.416135835869e-01
11800,2.880001821316e+04,2.880001821316e+04,1.919982131559e+04,9.599851668302e+03,0.000000000000e+00,0.000000000000e+00,2.880001821315e+04,0.000000000000e+00,3.452292757866e-01,1.117587089539e-08,-3.452292646107e-01
12000,2.880001825120e+04,2.880001825120e+04,1.919981965489e+04,9.599849468151e+03,0.000000000000e+00,0.000000000000e+00,2.880001823002e+04,0.000000000000e+00,3.491281582519e-01,2.118013799191e-05,-3.491069781157e-01
12200,2.880001666917e+04,2.880001666917e+04,1.919981731682e+04,9.599847017615e+03,0.000000000000e+00,0.000000000000e+00,2.880001664889e+04,0.000000000000e+00,3.523347257942e-01,2.027675509453e-05,-3.523144490391e-01
12400,2.880001558843e+04,2.880001558843e+04,1.919981436236e+04,9.599844917544e+03,0.000000000000e+00,0.000000000000e+00,2.880001556814e+04,0.000000000000e+00,3.563085332207e-01,2.029724419117e-05,-3.562882359765e-01
12600,2.880001601437e+04,2.880001601437e+04,1.919981213156e+04,9.599843472781e+03,0.000000000000e+00,0.000000000000e+00,2.880001602232e+04,0.000000000000e+00,3.604100365519e-01,-7.949769496918e-06,-3.604179863214e-01
12800,2.880001564091e+04,2.880001564091e+04,1.919981000939e+04,9.599841568838e+03,0.000000000000e+00,0.000000000000e+00,2.880001564670e+04,0.000000000000e+00,3.640626784982e-01,-5.790963768959e-06,-3.640684694619e-01
13000,2.880001596888e+04,2.880001596888e+04,1.919980776903e+04,9.599839905318e+03,0.000000000000e+00,0.000000000000e+00,2.880001597971e+04,0.000000000000e+00,3.682945330092e-01,-1.082941889763e-05,-3.683053624263e-01
13200,2.880001643505e+04,2.880001643505e+04,1.919980488678e+04,9.599837841768e+03,0.000000000000e+00,0.000000000000e+00,2.880001643455e+04,0.000000000000e+00,3.737064986308e-01,4.991888999939e-07,-3.737059994419e-01
13400,2.880001631857e+04,2.880001631857e+04,1.919980285957e+04,9.599835265697e+03,0.000000000000e+00,0.000000000000e+00,2.880001632094e+04,0.000000000000e+00,3.781933053251e-01,-2.371147274971e-06,-3.781956764724e-01
13600,2.880001614512e+04,2.880001614512e+04,1.919980112838e+04,9.599833006337e+03,0.000000000000e+00,0.000000000000e+00,2.880001616299e+04,0.000000000000e+00,3.820103976977e-01,-1.787580549717e-05,-3.820282735032e-01
13800,2.880001607794e+04,2.880001607794e+04,1.919979905534e+04,9.599830322648e+03,0.000000000000e+00,0.000000000000e+00,2.880001607376e+04,0.000000000000e+00,3.866999518032e-01,4.172325134277e-06,-3.866957794780e-01
14000,2.880001764537e+04,2.880001764537e+04,1.919979736522e+04,9.599828365904e+03,0.000000000000e+00,0.000000000000e+00,2.880001764768e+04,0.000000000000e+00,3.919142471386e-01,-2.317130565643e-06,-3.919165642692e-01
14200,2.880001823646e+04,2.880001823646e+04,1.919979550319e+04,9.599826732328e+03,0.000000000000e+00,0.000000000000e+00,2.880001823360e+04,0.000000000000e+00,3.960009416078e-01,2.862885594368e-06,-3.959980787222e-01
14400,2.880001809864e+04,2.880001809864e+04,1.919979366416e+04,9.599824801281e+03,0.000000000000e+00,0.000000000000e+00,2.880001809311e+04,0.000000000000e+00,3.996332005136e-01,5.533918738365e-06,-3.996276665930e-01
14600,2.880001794270e+04,2.880001794270e+04,1.919979147734e+04,9.599823371861e+03,0.000000000000e+00,0.000000000000e+00,2.880001793045e+04,0.000000000000e+00,4.030935003138e-01,1.225247979164e-05,-4.030812478341e-01
14800,2.880001876838e+04,2.880001876838e+04,1.919978839883e+04,9.599822202082e+03,0.000000000000e+00,0.000000000000e+00,2.880001877767e+04,0.000000000000e+00,4.081674734443e-01,-9.285286068916e-06,-4.081767587304e-01
15000,2.880001959374e+04,2.880001959374e+04,1.919978603736e+04,9.599821217184e+03,0.000000000000e+00,0.000000000000e+00,2.880001960599e+04,0.000000000000e+00,4.123391977300e-01,-1.225061714649e-05,-4.123514483472e-01
15200,2.880001951312e+04,2.880001951312e+04,1.919978279409e+04,9.599818775924e+03,0.000000000000e+00,0.000000000000e+00,2.880001953268e+04,0.000000000000e+00,4.179431142147e-01,-1.955591142178e-05,-4.179626701261e-01
15400,2.880002059432e+04,2.880002059432e+04,1.919977985516e+04,9.599816885391e+03,0.000000000000e+00,0.000000000000e+00,2.880002058893e+04,0.000000000000e+00,4.238537728634e-01,5.386769771576e-06,-4.238483860936e-01
15600,2.880002004771e+04,2.880002004771e+04,1.919977746347e+04,9.599815388358e+03,0.000000000000e+00,0.000000000000e+00,2.880002003706e+04,0.000000000000e+00,4.271958870850e-01,1.065619289875e-05,-4.271852308921e-01
15800,2.880001955814e+04,2.880001955814e+04,1.919977443144e+04,9.599813375080e+03,0.000000000000e+00,0.000000000000e+00,2.880001957536e+04,0.000000000000e+00,4.317516158808e-01,-1.721829175949e-05,-4.317688341725e-01
16000,2.880002012206e+04,2.880002012206e+04,1.919977237744e+04,9.599811139118e+03,0.000000000000e+00,0.000000000000e+00,2.880002015126e+04,0.000000000000e+00,4.366054975671e-01,-2.919696271420e-05,-4.366346945317e-01
16200,2.880002088338e+04,2.880002088338e+04,1.919976899921e+04,9.599808578904e+03,0.000000000000e+00,0.000000000000e+00,2.880002088600e+04,0.000000000000e+00,4.433052665172e-01,-2.620741724968e-06,-4.433078872607e-01
16400,2.880002137989e+04,2.880002137989e+04,1.919976659688e+04,9.599806341714e+03,0.000000000000e+00,0.000000000000e+00,2.880002137023e+04,0.000000000000e+00,4.484412911461e-01,9.655952453613e-06,-4.484316351954e-01
16600,2.880002095172e+04,2.880002095172e+04,1.919976458698e+04,9.599804248852e+03,0.000000000000e+00,0.000000000000e+00,2.880002095950e+04,0.000000000000e+00,4.521158949829e-01,-7.774680852890e-06,-4.521236696637e-01
16800,2.880001975292e+04,2.880001975292e+04,1.919976240975e+04,9.599802140341e+03,0.000000000000e+00,0.000000000000e+00,2.880001973474e+04,0.000000000000e+00,4.552028324433e-01,1.818127930164e-05,-4.551846511640e-01
17000,2.880001944371e+04,2.880001944371e+04,1.919975942248e+04,9.599800620983e+03,0.000000000000e+00,0.000000000000e+00,2.880001943147e+04,0.000000000000e+00,4.594002431131e-01,1.223944127560e-05,-4.593880036700e-01
17200,2.880001875585e+04,2.880001875585e+04,1.919975682752e+04,9.599799087561e+03,0.000000000000e+00,0.000000000000e+00,2.880001874930e+04,0.000000000000e+00,4.628407685923e-01,6.550922989845e-06,-4.628342176693e-01
17400,2.880001885784e+04,2.880001885784e+04,1.919975453770e+04,9.599797316597e+03,0.000000000000e+00,0.000000000000e+00,2.880001886725e+04,0.000000000000e+00,4.670035434210e-01,-9.410083293915e-06,-4.670129535043e-01
17600,2.880001866770e+04,2.880001866770e+04,1.919975183267e+04,9.599795814271e+03,0.000000000000e+00,0.000000000000e+00,2.880001865423e+04,0.000000000000e+00,4.710207568169e-01,1.346878707409e-05,-4.710072880298e-01
17800,2.880001831631e+04,2.880001831631e+04,1.919974896493e+04,9.599794058005e+03,0.000000000000e+00,0.000000000000e+00,2.880001831532e+04,0.000000000000e+00,4.752933756026e-01,9.909272193909e-07,-4.752923846754e-01
18000,2.880001799683e+04,2.880001799683e+04,1.919974600500e+04,9.599792591400e+03,0.000000000000e+00,0.000000000000e+00,2.880001797336e+04,0.000000000000e+00,4.794004229570e-01,2.346374094486e-05,-4.793769592143e-01
18200,2.880001706254e+04,2.880001706254e+04,1.919974334111e+04,9.599790958095e+03,0.000000000000e+00,0.000000000000e+00,2.880001705456e+04,0.000000000000e+00,4.827633365239e-01,7.983297109604e-06,-4.827553532268e-01
18400,2.880001700651e+04,2.880001700651e+04,1.919974063602e+04,9.599789456106e+03,0.000000000000e+00,0.000000000000e+00,2.880001700824e+04,0.000000000000e+00,4.869143831256e-01,-1.732259988785e-06,-4.869161153838e-01
18600,2.880001745766e+04,2.880001745766e+04,1.919973766107e+04,9.599788557848e+03,0.000000000000e+00,0.000000000000e+00,2.880001745039e+04,0.000000000000e+00,4.912387354179e-01,7.266178727150e-06,-4.912314692410e-01
18800,2.880001785526e+04,2.880001785526e+04,1.919973526286e+04,9.599787602262e+03,0.000000000000e+00,0.000000000000e+00,2.880001785505e+04,0.000000000000e+00,4.949901411874e-01,2.104789018631e-07,-4.949899307103e-01
19000,2.880001744975e+04,2.880001744975e+04,1.919973235147e+04,9.599786210848e+03,0.000000000000e+00,0.000000000000e+00,2.880001743758e+04,0.000000000000e+00,4.988874305054e-01,1.217238605022e-05,-4.988752581194e-01
19200,2.880001746088e+04,2.880001746088e+04,1.919972962150e+04,9.599785336542e+03,0.000000000000e+00,0.000000000000e+00,2.880001744670e+04,0.000000000000e+00,5.025028404762e-01,1.418590545654e-05,-5.024886545725e-01
19400,2.880001760512e+04,2.880001760512e+04,1.919972663965e+04,9.599784142839e+03,0.000000000000e+00,0.000000000000e+00,2.880001762289e+04,0.000000000000e+00,5.068226279036e-01,-1.776963472366e-05,-5.068403975383e-01
19600,2.880001797162e+04,2.880001797162e+04,1.919972427486e+04,9.599782578385e+03,0.000000000000e+00,0.000000000000e+00,2.880001796728e+04,0.000000000000e+00,5.111183753925e-01,4.339963197708e-06,-5.111140354275e-01
19800,2.880001825503e+04,2.880001825503e+04,1.919972185340e+04,9.599781171483e+03,0.000000000000e+00,0.000000000000e+00,2.880001823866e+04,0.000000000000e+00,5.152301503058e-01,1.636892557144e-05,-5.152137813784e-01
20000,2.880001832734e+04,2.880001832734e+04,1.919971927260e+04,9.599780206572e+03,0.000000000000e+00,0.000000000000e+00,2.880001832569e+04,0.000000000000e+00,5.188481663972e-01,1.650303602219e-06,-5.188465160936e-01
