step,ckpt,Mff,MFF,Mr,Mb,Mracc,Mbacc,Mrho,fF_maxdiff
0,S0,7.680000114441e+03,7.680000114441e+03,0.000000000000e+00,7.680000000000e+03,0.000000000000e+00,0.000000000000e+00,7.680000000000e+03,0.000000000000e+00
0,S1,7.680002174377e+03,7.680000114441e+03,0.000000000000e+00,7.680000000000e+03,0.000000000000e+00,7.680001831055e+03,7.680000000000e+03,8.940696716309e-08
0,S2,7.680002174377e+03,0.000000000000e+00,0.000000000000e+00,7.680000000000e+03,0.000000000000e+00,7.680001831055e+03,7.680000000000e+03,3.333334326744e-01
0,S3,7.680002174377e+03,7.680002174377e+03,0.000000000000e+00,7.680000000000e+03,0.000000000000e+00,7.680001831055e+03,7.680000000000e+03,0.000000000000e+00
0,S4,7.680002174377e+03,7.680002174377e+03,0.000000000000e+00,7.680000000000e+03,0.000000000000e+00,7.680001831055e+03,7.680000000000e+03,0.000000000000e+00
0,S5,7.680002174377e+03,7.680002174377e+03,0.000000000000e+00,7.680001831055e+03,0.000000000000e+00,0.000000000000e+00,7.680002746582e+03,0.000000000000e+00
0,S6,7.680002174377e+03,7.680002174377e+03,0.000000000000e+00,7.680001831055e+03,0.000000000000e+00,0.000000000000e+00,7.680002746582e+03,0.000000000000e+00
1,S0,7.680002174377e+03,7.680002174377e+03,0.000000000000e+00,7.680001831055e+03,0.000000000000e+00,0.000000000000e+00,7.680002746582e+03,0.000000000000e+00
1,S1,7.680002746582e+03,7.680002174377e+03,0.000000000000e+00,7.680001831055e+03,0.000000000000e+00,7.680002746582e+03,7.680002746582e+03,2.980232238770e-08
1,S2,7.680002746582e+03,0.000000000000e+00,0.000000000000e+00,7.680001831055e+03,0.000000000000e+00,7.680002746582e+03,7.680002746582e+03,3.333334624767e-01
1,S3,7.680002746582e+03,7.680002746582e+03,0.000000000000e+00,7.680001831055e+03,0.000000000000e+00,7.680002746582e+03,7.680002746582e+03,0.000000000000e+00
1,S4,7.680002746582e+03,7.680002746582e+03,0.000000000000e+00,7.680001831055e+03,0.000000000000e+00,7.680002746582e+03,7.680002746582e+03,0.000000000000e+00
1,S5,7.680002746582e+03,7.680002746582e+03,0.000000000000e+00,7.680002746582e+03,0.000000000000e+00,0.000000000000e+00,7.680002746582e+03,0.000000000000e+00
1,S6,7.680002746582e+03,7.680002746582e+03,0.000000000000e+00,7.680002746582e+03,0.000000000000e+00,0.000000000000e+00,7.680002746582e+03,0.000000000000e+00
2,S0,7.680002746582e+03,7.680002746582e+03,0.000000000000e+00,7.680002746582e+03,0.000000000000e+00,0.000000000000e+00,7.680002746582e+03,0.000000000000e+00
2,S1,7.680002746582e+03,7.680002746582e+03,0.000000000000e+00,7.680002746582e+03,0.000000000000e+00,7.680002746582e+03,7.680002746582e+03,0.000000000000e+00
2,S2,7.680002746582e+03,0.000000000000e+00,0.000000000000e+00,7.680002746582e+03,0.000000000000e+00,7.680002746582e+03,7.680002746582e+03,3.333334624767e-01
2,S3,7.680002746582e+03,7.680002746582e+03,0.000000000000e+00,7.680002746582e+03,0.000000000000e+00,7.680002746582e+03,7.680002746582e+03,0.000000000000e+00
2,S4,7.680002746582e+03,7.680002746582e+03,0.000000000000e+00,7.680002746582e+03,0.000000000000e+00,7.680002746582e+03,7.680002746582e+03,0.000000000000e+00
2,S5,7.680002746582e+03,7.680002746582e+03,0.000000000000e+00,7.680002746582e+03,0.000000000000e+00,0.000000000000e+00,7.680002746582e+03,0.000000000000e+00
2,S6,7.680002746582e+03,7.680002746582e+03,0.000000000000e+00,7.680002746582e+03,0.000000000000e+00,0.000000000000e+00,7.680002746582e+03,0.000000000000e+00
3,S0,7.680002746582e+03,7.680002746582e+03,0.000000000000e+00,7.680002746582e+03,0.000000000000e+00,0.000000000000e+00,7.680002746582e+03,0.000000000000e+00
3,S1,7.680002746582e+03,7.680002746582e+03,0.000000000000e+00,7.680002746582e+03,0.000000000000e+00,7.680002746582e+03,7.680002746582e+03,0.000000000000e+00
3,S2,7.680002746582e+03,0.000000000000e+00,0.000000000000e+00,7.680002746582e+03,0.000000000000e+00,7.680002746582e+03,7.680002746582e+03,3.333334624767e-01
3,S3,7.680002746582e+03,7.680002746582e+03,0.000000000000e+00,7.680002746582e+03,0.000000000000e+00,7.680002746582e+03,7.680002746582e+03,0.000000000000e+00
3,S4,7.680002746582e+03,7.680002746582e+03,0.000000000000e+00,7.680002746582e+03,0.000000000000e+00,7.680002746582e+03,7.680002746582e+03,0.000000000000e+00
3,S5,7.680002746582e+03,7.680002746582e+03,0.000000000000e+00,7.680002746582e+03,0.000000000000e+00,0.000000000000e+00,7.680002746582e+03,0.000000000000e+00
3,S6,7.680002746582e+03,7.680002746582e+03,0.000000000000e+00,7.680002746582e+03,0.000000000000e+00,0.000000000000e+00,7.680002746582e+03,0.000000000000e+00
4,S0,7.680002746582e+03,7.680002746582e+03,0.000000000000e+00,7.680002746582e+03,0.000000000000e+00,0.000000000000e+00,7.680002746582e+03,0.000000000000e+00
4,S1,7.680002746582e+03,7.680002746582e+03,0.000000000000e+00,7.680002746582e+03,0.000000000000e+00,7.680002746582e+03,7.680002746582e+03,0.000000000000e+00
4,S2,7.680002746582e+03,0.000000000000e+00,0.000000000000e+00,7.680002746582e+03,0.000000000000e+00,7.680002746582e+03,7.680002746582e+03,3.333334624767e-01
4,S3,7.680002746582e+03,7.680002746582e+03,0.000000000000e+00,7.680002746582e+03,0.000000000000e+00,7.680002746582e+03,7.680002746582e+03,0.000000000000e+00
4,S4,7.680002746582e+03,7.680002746582e+03,0.000000000000e+00,7.680002746582e+03,0.000000000000e+00,7.680002746582e+03,7.680002746582e+03,0.000000000000e+00
4,S5,7.680002746582e+03,7.680002746582e+03,0.000000000000e+00,7.680002746582e+03,0.000000000000e+00,0.000000000000e+00,7.680002746582e+03,0.000000000000e+00
4,S6,7.680002746582e+03,7.680002746582e+03,0.000000000000e+00,7.680002746582e+03,0.000000000000e+00,0.000000000000e+00,7.680002746582e+03,0.000000000000e+00
5,S0,7.680002746582e+03,7.680002746582e+03,0.000000000000e+00,7.680002746582e+03,0.000000000000e+00,0.000000000000e+00,7.680002746582e+03,0.000000000000e+00
5,S1,7.680002746582e+03,7.680002746582e+03,0.000000000000e+00,7.680002746582e+03,0.000000000000e+00,7.680002746582e+03,7.680002746582e+03,0.000000000000e+00
5,S2,7.680002746582e+03,0.000000000000e+00,0.000000000000e+00,7.680002746582e+03,0.000000000000e+00,7.680002746582e+03,7.680002746582e+03,3.333334624767e-01
5,S3,7.680002746582e+03,7.680002746582e+03,0.000000000000e+00,7.680002746582e+03,0.000000000000e+00,7.680002746582e+03,7.680002746582e+03,0.000000000000e+00
5,S4,7.680002746582e+03,7.680002746582e+03,0.000000000000e+00,7.680002746582e+03,0.000000000000e+00,7.680002746582e+03,7.680002746582e+03,0.000000000000e+00
5,S5,7.680002746582e+03,7.680002746582e+03,0.000000000000e+00,7.680002746582e+03,0.000000000000e+00,0.000000000000e+00,7.680002746582e+03,0.000000000000e+00
5,S6,7.680002746582e+03,7.680002746582e+03,0.000000000000e+00,7.680002746582e+03,0.000000000000e+00,0.000000000000e+00,7.680002746582e+03,0.000000000000e+00
6,S0,7.680002746582e+03,7.680002746582e+03,0.000000000000e+00,7.680002746582e+03,0.000000000000e+00,0.000000000000e+00,7.680002746582e+03,0.000000000000e+00
6,S1,7.680002746582e+03,7.680002746582e+03,0.000000000000e+00,7.680002746582e+03,0.000000000000e+00,7.680002746582e+03,7.680002746582e+03,0.000000000000e+00
6,S2,7.680002746582e+03,0.000000000000e+00,0.000000000000e+00,7.680002746582e+03,0.000000000000e+00,7.680002746582e+03,7.680002746582e+03,3.333334624767e-01
6,S3,7.680002746582e+03,7.680002746582e+03,0.000000000000e+00,7.680002746582e+03,0.000000000000e+00,7.680002746582e+03,7.680002746582e+03,0.000000000000e+00
6,S4,7.680002746582e+03,7.680002746582e+03,0.000000000000e+00,7.680002746582e+03,0.000000000000e+00,7.680002746582e+03,7.680002746582e+03,0.000000000000e+00
6,S5,7.680002746582e+03,7.680002746582e+03,0.000000000000e+00,7.680002746582e+03,0.000000000000e+00,0.000000000000e+00,7.680002746582e+03,0.000000000000e+00
6,S6,7.680002746582e+03,7.680002746582e+03,0.000000000000e+00,7.680002746582e+03,0.000000000000e+00,0.000000000000e+00,7.680002746582e+03,0.000000000000e+00
7,S0,7.680002746582e+03,7.680002746582e+03,0.000000000000e+00,7.680002746582e+03,0.000000000000e+00,0.000000000000e+00,7.680002746582e+03,0.000000000000e+00
7,S1,7.680002746582e+03,7.680002746582e+03,0.000000000000e+00,7.680002746582e+03,0.000000000000e+00,7.680002746582e+03,7.680002746582e+03,0.000000000000e+00
7,S2,7.680002746582e+03,0.000000000000e+00,0.000000000000e+00,7.680002746582e+03,0.000000000000e+00,7.680002746582e+03,7.680002746582e+03,3.333334624767e-01
7,S3,7.680002746582e+03,7.680002746582e+03,0.000000000000e+00,7.680002746582e+03,0.000000000000e+00,7.680002746582e+03,7.680002746582e+03,0.000000000000e+00
7,S4,7.680002746582e+03,7.680002746582e+03,0.000000000000e+00,7.680002746582e+03,0.000000000000e+00,7.680002746582e+03,7.680002746582e+03,0.000000000000e+00
7,S5,7.680002746582e+03,7.680002746582e+03,0.000000000000e+00,7.680002746582e+03,0.000000000000e+00,0.000000000000e+00,7.680002746582e+03,0.000000000000e+00
7,S6,7.680002746582e+03,7.680002746582e+03,0.000000000000e+00,7.680002746582e+03,0.000000000000e+00,0.000000000000e+00,7.680002746582e+03,0.000000000000e+00
8,S0,7.680002746582e+03,7.680002746582e+03,0.000000000000e+00,7.680002746582e+03,0.000000000000e+00,0.000000000000e+00,7.680002746582e+03,0.000000000000e+00
8,S1,7.680002746582e+03,7.680002746582e+03,0.000000000000e+00,7.680002746582e+03,0.000000000000e+00,7.680002746582e+03,7.680002746582e+03,0.000000000000e+00
8,S2,7.680002746582e+03,0.000000000000e+00,0.000000000000e+00,7.680002746582e+03,0.000000000000e+00,7.680002746582e+03,7.680002746582e+03,3.333334624767e-01
8,S3,7.680002746582e+03,7.680002746582e+03,0.000000000000e+00,7.680002746582e+03,0.000000000000e+00,7.680002746582e+03,7.680002746582e+03,0.000000000000e+00
8,S4,7.680002746582e+03,7.680002746582e+03,0.000000000000e+00,7.680002746582e+03,0.000000000000e+00,7.680002746582e+03,7.680002746582e+03,0.000000000000e+00
8,S5,7.680002746582e+03,7.680002746582e+03,0.000000000000e+00,7.680002746582e+03,0.000000000000e+00,0.000000000000e+00,7.680002746582e+03,0.000000000000e+00
8,S6,7.680002746582e+03,7.680002746582e+03,0.000000000000e+00,7.680002746582e+03,0.000000000000e+00,0.000000000000e+00,7.680002746582e+03,0.000000000000e+00
9,S0,7.680002746582e+03,7.680002746582e+03,0.000000000000e+00,7.680002746582e+03,0.000000000000e+00,0.000000000000e+00,7.680002746582e+03,0.000000000000e+00
9,S1,7.680002746582e+03,7.680002746582e+03,0.000000000000e+00,7.680002746582e+03,0.000000000000e+00,7.680002746582e+03,7.680002746582e+03,0.000000000000e+00
9,S2,7.680002746582e+03,0.000000000000e+00,0.000000000000e+00,7.680002746582e+03,0.000000000000e+00,7.680002746582e+03,7.680002746582e+03,3.333334624767e-01
9,S3,7.680002746582e+03,7.680002746582e+03,0.000000000000e+00,7.680002746582e+03,0.000000000000e+00,7.680002746582e+03,7.680002746582e+03,0.000000000000e+00
9,S4,7.680002746582e+03,7.680002746582e+03,0.000000000000e+00,7.680002746582e+03,0.000000000000e+00,7.680002746582e+03,7.680002746582e+03,0.000000000000e+00
9,S5,7.680002746582e+03,7.680002746582e+03,0.000000000000e+00,7.680002746582e+03,0.000000000000e+00,0.000000000000e+00,7.680002746582e+03,0.000000000000e+00
9,S6,7.680002746582e+03,7.680002746582e+03,0.000000000000e+00,7.680002746582e+03,0.000000000000e+00,0.000000000000e+00,7.680002746582e+03,0.000000000000e+00
10,S0,7.680002746582e+03,7.680002746582e+03,0.000000000000e+00,7.680002746582e+03,0.000000000000e+00,0.000000000000e+00,7.680002746582e+03,0.000000000000e+00
10,S1,7.680002746582e+03,7.680002746582e+03,0.000000000000e+00,7.680002746582e+03,0.000000000000e+00,7.680002746582e+03,7.680002746582e+03,0.000000000000e+00
10,S2,7.680002746582e+03,0.000000000000e+00,0.000000000000e+00,7.680002746582e+03,0.000000000000e+00,7.680002746582e+03,7.680002746582e+03,3.333334624767e-01
10,S3,7.680002746582e+03,7.680002746582e+03,0.000000000000e+00,7.680002746582e+03,0.000000000000e+00,7.680002746582e+03,7.680002746582e+03,0.000000000000e+00
10,S4,7.680002746582e+03,7.680002746582e+03,0.000000000000e+00,7.680002746582e+03,0.000000000000e+00,7.680002746582e+03,7.680002746582e+03,0.000000000000e+00
10,S5,7.680002746582e+03,7.680002746582e+03,0.000000000000e+00,7.680002746582e+03,0.000000000000e+00,0.000000000000e+00,7.680002746582e+03,0.000000000000e+00
10,S6,7.680002746582e+03,7.680002746582e+03,0.000000000000e+00,7.680002746582e+03,0.000000000000e+00,0.000000000000e+00,7.680002746582e+03,0.000000000000e+00
11,S0,7.680002746582e+03,7.680002746582e+03,0.000000000000e+00,7.680002746582e+03,0.000000000000e+00,0.000000000000e+00,7.680002746582e+03,0.000000000000e+00
11,S1,7.680002746582e+03,7.680002746582e+03,0.000000000000e+00,7.680002746582e+03,0.000000000000e+00,7.680002746582e+03,7.680002746582e+03,0.000000000000e+00
11,S2,7.680002746582e+03,0.000000000000e+00,0.000000000000e+00,7.680002746582e+03,0.000000000000e+00,7.680002746582e+03,7.680002746582e+03,3.333334624767e-01
11,S3,7.680002746582e+03,7.680002746582e+03,0.000000000000e+00,7.680002746582e+03,0.000000000000e+00,7.680002746582e+03,7.680002746582e+03,0.000000000000e+00
11,S4,7.680002746582e+03,7.680002746582e+03,0.000000000000e+00,7.680002746582e+03,0.000000000000e+00,7.680002746582e+03,7.680002746582e+03,0.000000000000e+00
11,S5,7.680002746582e+03,7.680002746582e+03,0.000000000000e+00,7.680002746582e+03,0.000000000000e+00,0.000000000000e+00,7.680002746582e+03,0.000000000000e+00
11,S6,7.680002746582e+03,7.680002746582e+03,0.000000000000e+00,7.680002746582e+03,0.000000000000e+00,0.000000000000e+00,7.680002746582e+03,0.000000000000e+00
12,S0,7.680002746582e+03,7.680002746582e+03,0.000000000000e+00,7.680002746582e+03,0.000000000000e+00,0.000000000000e+00,7.680002746582e+03,0.000000000000e+00
12,S1,7.680002746582e+03,7.680002746582e+03,0.000000000000e+00,7.680002746582e+03,0.000000000000e+00,7.680002746582e+03,7.680002746582e+03,0.000000000000e+00
12,S2,7.680002746582e+03,0.000000000000e+00,0.000000000000e+00,7.680002746582e+03,0.000000000000e+00,7.680002746582e+03,7.680002746582e+03,3.333334624767e-01
12,S3,7.680002746582e+03,7.680002746582e+03,0.000000000000e+00,7.680002746582e+03,0.000000000000e+00,7.680002746582e+03,7.680002746582e+03,0.000000000000e+00
12,S4,7.680002746582e+03,7.680002746582e+03,0.000000000000e+00,7.680002746582e+03,0.000000000000e+00,7.680002746582e+03,7.680002746582e+03,0.000000000000e+00
12,S5,7.680002746582e+03,7.680002746582e+03,0.000000000000e+00,7.680002746582e+03,0.000000000000e+00,0.000000000000e+00,7.680002746582e+03,0.000000000000e+00
12,S6,7.680002746582e+03,7.680002746582e+03,0.000000000000e+00,7.680002746582e+03,0.000000000000e+00,0.000000000000e+00,7.680002746582e+03,0.000000000000e+00
13,S0,7.680002746582e+03,7.680002746582e+03,0.000000000000e+00,7.680002746582e+03,0.000000000000e+00,0.000000000000e+00,7.680002746582e+03,0.000000000000e+00
13,S1,7.680002746582e+03,7.680002746582e+03,0.000000000000e+00,7.680002746582e+03,0.000000000000e+00,7.680002746582e+03,7.680002746582e+03,0.000000000000e+00
13,S2,7.680002746582e+03,0.000000000000e+00,0.000000000000e+00,7.680002746582e+03,0.000000000000e+00,7.680002746582e+03,7.680002746582e+03,3.333334624767e-01
13,S3,7.680002746582e+03,7.680002746582e+03,0.000000000000e+00,7.680002746582e+03,0.000000000000e+00,7.680002746582e+03,7.680002746582e+03,0.000000000000e+00
13,S4,7.680002746582e+03,7.680002746582e+03,0.000000000000e+00,7.680002746582e+03,0.000000000000e+00,7.680002746582e+03,7.680002746582e+03,0.000000000000e+00
13,S5,7.680002746582e+03,7.680002746582e+03,0.000000000000e+00,7.680002746582e+03,0.000000000000e+00,0.000000000000e+00,7.680002746582e+03,0.000000000000e+00
13,S6,7.680002746582e+03,7.680002746582e+03,0.000000000000e+00,7.680002746582e+03,0.000000000000e+00,0.000000000000e+00,7.680002746582e+03,0.000000000000e+00
14,S0,7.680002746582e+03,7.680002746582e+03,0.000000000000e+00,7.680002746582e+03,0.000000000000e+00,0.000000000000e+00,7.680002746582e+03,0.000000000000e+00
14,S1,7.680002746582e+03,7.680002746582e+03,0.000000000000e+00,7.680002746582e+03,0.000000000000e+00,7.680002746582e+03,7.680002746582e+03,0.000000000000e+00
14,S2,7.680002746582e+03,0.000000000000e+00,0.000000000000e+00,7.680002746582e+03,0.000000000000e+00,7.680002746582e+03,7.680002746582e+03,3.333334624767e-01
14,S3,7.680002746582e+03,7.680002746582e+03,0.000000000000e+00,7.680002746582e+03,0.000000000000e+00,7.680002746582e+03,7.680002746582e+03,0.000000000000e+00
14,S4,7.680002746582e+03,7.680002746582e+03,0.000000000000e+00,7.680002746582e+03,0.000000000000e+00,7.680002746582e+03,7.680002746582e+03,0.000000000000e+00
14,S5,7.680002746582e+03,7.680002746582e+03,0.000000000000e+00,7.680002746582e+03,0.000000000000e+00,0.000000000000e+00,7.680002746582e+03,0.000000000000e+00
14,S6,7.680002746582e+03,7.680002746582e+03,0.000000000000e+00,7.680002746582e+03,0.000000000000e+00,0.000000000000e+00,7.680002746582e+03,0.000000000000e+00
15,S0,7.680002746582e+03,7.680002746582e+03,0.000000000000e+00,7.680002746582e+03,0.000000000000e+00,0.000000000000e+00,7.680002746582e+03,0.000000000000e+00
15,S1,7.680002746582e+03,7.680002746582e+03,0.000000000000e+00,7.680002746582e+03,0.000000000000e+00,7.680002746582e+03,7.680002746582e+03,0.000000000000e+00
15,S2,7.680002746582e+03,0.000000000000e+00,0.000000000000e+00,7.680002746582e+03,0.000000000000e+00,7.680002746582e+03,7.680002746582e+03,3.333334624767e-01
15,S3,7.680002746582e+03,7.680002746582e+03,0.000000000000e+00,7.680002746582e+03,0.000000000000e+00,7.680002746582e+03,7.680002746582e+03,0.000000000000e+00
15,S4,7.680002746582e+03,7.680002746582e+03,0.000000000000e+00,7.680002746582e+03,0.000000000000e+00,7.680002746582e+03,7.680002746582e+03,0.000000000000e+00
15,S5,7.680002746582e+03,7.680002746582e+03,0.000000000000e+00,7.680002746582e+03,0.000000000000e+00,0.000000000000e+00,7.680002746582e+03,0.000000000000e+00
15,S6,7.680002746582e+03,7.680002746582e+03,0.000000000000e+00,7.680002746582e+03,0.000000000000e+00,0.000000000000e+00,7.680002746582e+03,0.000000000000e+00
16,S0,7.680002746582e+03,7.680002746582e+03,0.000000000000e+00,7.680002746582e+03,0.000000000000e+00,0.000000000000e+00,7.680002746582e+03,0.000000000000e+00
16,S1,7.680002746582e+03,7.680002746582e+03,0.000000000000e+00,7.680002746582e+03,0.000000000000e+00,7.680002746582e+03,7.680002746582e+03,0.000000000000e+00
16,S2,7.680002746582e+03,0.000000000000e+00,0.000000000000e+00,7.680002746582e+03,0.000000000000e+00,7.680002746582e+03,7.680002746582e+03,3.333334624767e-01
16,S3,7.680002746582e+03,7.680002746582e+03,0.000000000000e+00,7.680002746582e+03,0.000000000000e+00,7.680002746582e+03,7.680002746582e+03,0.000000000000e+00
16,S4,7.680002746582e+03,7.680002746582e+03,0.000000000000e+00,7.680002746582e+03,0.000000000000e+00,7.680002746582e+03,7.680002746582e+03,0.000000000000e+00
16,S5,7.680002746582e+03,7.680002746582e+03,0.000000000000e+00,7.680002746582e+03,0.000000000000e+00,0.000000000000e+00,7.680002746582e+03,0.000000000000e+00
16,S6,7.680002746582e+03,7.680002746582e+03,0.000000000000e+00,7.680002746582e+03,0.000000000000e+00,0.000000000000e+00,7.680002746582e+03,0.000000000000e+00
17,S0,7.680002746582e+03,7.680002746582e+03,0.000000000000e+00,7.680002746582e+03,0.000000000000e+00,0.000000000000e+00,7.680002746582e+03,0.000000000000e+00
17,S1,7.680002746582e+03,7.680002746582e+03,0.000000000000e+00,7.680002746582e+03,0.000000000000e+00,7.680002746582e+03,7.680002746582e+03,0.000000000000e+00
17,S2,7.680002746582e+03,0.000000000000e+00,0.000000000000e+00,7.680002746582e+03,0.000000000000e+00,7.680002746582e+03,7.680002746582e+03,3.333334624767e-01
17,S3,7.680002746582e+03,7.680002746582e+03,0.000000000000e+00,7.680002746582e+03,0.000000000000e+00,7.680002746582e+03,7.680002746582e+03,0.000000000000e+00
17,S4,7.680002746582e+03,7.680002746582e+03,0.000000000000e+00,7.680002746582e+03,0.000000000000e+00,7.680002746582e+03,7.680002746582e+03,0.000000000000e+00
17,S5,7.680002746582e+03,7.680002746582e+03,0.000000000000e+00,7.680002746582e+03,0.000000000000e+00,0.000000000000e+00,7.680002746582e+03,0.000000000000e+00
17,S6,7.680002746582e+03,7.680002746582e+03,0.000000000000e+00,7.680002746582e+03,0.000000000000e+00,0.000000000000e+00,7.680002746582e+03,0.000000000000e+00
18,S0,7.680002746582e+03,7.680002746582e+03,0.000000000000e+00,7.680002746582e+03,0.000000000000e+00,0.000000000000e+00,7.680002746582e+03,0.000000000000e+00
18,S1,7.680002746582e+03,7.680002746582e+03,0.000000000000e+00,7.680002746582e+03,0.000000000000e+00,7.680002746582e+03,7.680002746582e+03,0.000000000000e+00
18,S2,7.680002746582e+03,0.000000000000e+00,0.000000000000e+00,7.680002746582e+03,0.000000000000e+00,7.680002746582e+03,7.680002746582e+03,3.333334624767e-01
18,S3,7.680002746582e+03,7.680002746582e+03,0.000000000000e+00,7.680002746582e+03,0.000000000000e+00,7.680002746582e+03,7.680002746582e+03,0.000000000000e+00
18,S4,7.680002746582e+03,7.680002746582e+03,0.000000000000e+00,7.680002746582e+03,0.000000000000e+00,7.680002746582e+03,7.680002746582e+03,0.000000000000e+00
18,S5,7.680002746582e+03,7.680002746582e+03,0.000000000000e+00,7.680002746582e+03,0.000000000000e+00,0.000000000000e+00,7.680002746582e+03,0.000000000000e+00
18,S6,7.680002746582e+03,7.680002746582e+03,0.000000000000e+00,7.680002746582e+03,0.000000000000e+00,0.000000000000e+00,7.680002746582e+03,0.000000000000e+00
19,S0,7.680002746582e+03,7.680002746582e+03,0.000000000000e+00,7.680002746582e+03,0.000000000000e+00,0.000000000000e+00,7.680002746582e+03,0.000000000000e+00
19,S1,7.680002746582e+03,7.680002746582e+03,0.000000000000e+00,7.680002746582e+03,0.000000000000e+00,7.680002746582e+03,7.680002746582e+03,0.000000000000e+00
19,S2,7.680002746582e+03,0.000000000000e+00,0.000000000000e+00,7.680002746582e+03,0.000000000000e+00,7.680002746582e+03,7.680002746582e+03,3.333334624767e-01
19,S3,7.680002746582e+03,7.680002746582e+03,0.000000000000e+00,7.680002746582e+03,0.000000000000e+00,7.680002746582e+03,7.680002746582e+03,0.000000000000e+00
19,S4,7.680002746582e+03,7.680002746582e+03,0.000000000000e+00,7.680002746582e+03,0.000000000000e+00,7.680002746582e+03,7.680002746582e+03,0.000000000000e+00
19,S5,7.680002746582e+03,7.680002746582e+03,0.000000000000e+00,7.680002746582e+03,0.000000000000e+00,0.000000000000e+00,7.680002746582e+03,0.000000000000e+00
19,S6,7.680002746582e+03,7.680002746582e+03,0.000000000000e+00,7.680002746582e+03,0.000000000000e+00,0.000000000000e+00,7.680002746582e+03,0.000000000000e+00
9000,S0,7.680002746582e+03,7.680002746582e+03,0.000000000000e+00,7.680002746582e+03,0.000000000000e+00,0.000000000000e+00,7.680002746582e+03,0.000000000000e+00
9000,S1,7.680002746582e+03,7.680002746582e+03,0.000000000000e+00,7.680002746582e+03,0.000000000000e+00,7.680002746582e+03,7.680002746582e+03,0.000000000000e+00
9000,S2,7.680002746582e+03,0.000000000000e+00,0.000000000000e+00,7.680002746582e+03,0.000000000000e+00,7.680002746582e+03,7.680002746582e+03,3.333334624767e-01
9000,S3,7.680002746582e+03,7.680002746582e+03,0.000000000000e+00,7.680002746582e+03,0.000000000000e+00,7.680002746582e+03,7.680002746582e+03,0.000000000000e+00
9000,S4,7.680002746582e+03,7.680002746582e+03,0.000000000000e+00,7.680002746582e+03,0.000000000000e+00,7.680002746582e+03,7.680002746582e+03,0.000000000000e+00
9000,S5,7.680002746582e+03,7.680002746582e+03,0.000000000000e+00,7.680002746582e+03,0.000000000000e+00,0.000000000000e+00,7.680002746582e+03,0.000000000000e+00
9000,S6,7.680002746582e+03,7.680002746582e+03,0.000000000000e+00,7.680002746582e+03,0.000000000000e+00,0.000000000000e+00,7.680002746582e+03,0.000000000000e+00
9001,S0,7.680002746582e+03,7.680002746582e+03,0.000000000000e+00,7.680002746582e+03,0.000000000000e+00,0.000000000000e+00,7.680002746582e+03,0.000000000000e+00
9001,S1,7.680002746582e+03,7.680002746582e+03,0.000000000000e+00,7.680002746582e+03,0.000000000000e+00,7.680002746582e+03,7.680002746582e+03,0.000000000000e+00
9001,S2,7.680002746582e+03,0.000000000000e+00,0.000000000000e+00,7.680002746582e+03,0.000000000000e+00,7.680002746582e+03,7.680002746582e+03,3.333334624767e-01
9001,S3,7.680002746582e+03,7.680002746582e+03,0.000000000000e+00,7.680002746582e+03,0.000000000000e+00,7.680002746582e+03,7.680002746582e+03,0.000000000000e+00
9001,S4,7.680002746582e+03,7.680002746582e+03,0.000000000000e+00,7.680002746582e+03,0.000000000000e+00,7.680002746582e+03,7.680002746582e+03,0.000000000000e+00
9001,S5,7.680002746582e+03,7.680002746582e+03,0.000000000000e+00,7.680002746582e+03,0.000000000000e+00,0.000000000000e+00,7.680002746582e+03,0.000000000000e+00
9001,S6,7.680002746582e+03,7.680002746582e+03,0.000000000000e+00,7.680002746582e+03,0.000000000000e+00,0.000000000000e+00,7.680002746582e+03,0.000000000000e+00
9002,S0,7.680002746582e+03,7.680002746582e+03,0.000000000000e+00,7.680002746582e+03,0.000000000000e+00,0.000000000000e+00,7.680002746582e+03,0.000000000000e+00
9002,S1,7.680002746582e+03,7.680002746582e+03,0.000000000000e+00,7.680002746582e+03,0.000000000000e+00,7.680002746582e+03,7.680002746582e+03,0.000000000000e+00
9002,S2,7.680002746582e+03,0.000000000000e+00,0.000000000000e+00,7.680002746582e+03,0.000000000000e+00,7.680002746582e+03,7.680002746582e+03,3.333334624767e-01
9002,S3,7.680002746582e+03,7.680002746582e+03,0.000000000000e+00,7.680002746582e+03,0.000000000000e+00,7.680002746582e+03,7.680002746582e+03,0.000000000000e+00
9002,S4,7.680002746582e+03,7.680002746582e+03,0.000000000000e+00,7.680002746582e+03,0.000000000000e+00,7.680002746582e+03,7.680002746582e+03,0.000000000000e+00
9002,S5,7.680002746582e+03,7.680002746582e+03,0.000000000000e+00,7.680002746582e+03,0.000000000000e+00,0.000000000000e+00,7.680002746582e+03,0.000000000000e+00
9002,S6,7.680002746582e+03,7.680002746582e+03,0.000000000000e+00,7.680002746582e+03,0.000000000000e+00,0.000000000000e+00,7.680002746582e+03,0.000000000000e+00
9003,S0,7.680002746582e+03,7.680002746582e+03,0.000000000000e+00,7.680002746582e+03,0.000000000000e+00,0.000000000000e+00,7.680002746582e+03,0.000000000000e+00
9003,S1,7.680002746582e+03,7.680002746582e+03,0.000000000000e+00,7.680002746582e+03,0.000000000000e+00,7.680002746582e+03,7.680002746582e+03,0.000000000000e+00
9003,S2,7.680002746582e+03,0.000000000000e+00,0.000000000000e+00,7.680002746582e+03,0.000000000000e+00,7.680002746582e+03,7.680002746582e+03,3.333334624767e-01
9003,S3,7.680002746582e+03,7.680002746582e+03,0.000000000000e+00,7.680002746582e+03,0.000000000000e+00,7.680002746582e+03,7.680002746582e+03,0.000000000000e+00
9003,S4,7.680002746582e+03,7.680002746582e+03,0.000000000000e+00,7.680002746582e+03,0.000000000000e+00,7.680002746582e+03,7.680002746582e+03,0.000000000000e+00
9003,S5,7.680002746582e+03,7.680002746582e+03,0.000000000000e+00,7.680002746582e+03,0.000000000000e+00,0.000000000000e+00,7.680002746582e+03,0.000000000000e+00
9003,S6,7.680002746582e+03,7.680002746582e+03,0.000000000000e+00,7.680002746582e+03,0.000000000000e+00,0.000000000000e+00,7.680002746582e+03,0.000000000000e+00
9004,S0,7.680002746582e+03,7.680002746582e+03,0.000000000000e+00,7.680002746582e+03,0.000000000000e+00,0.000000000000e+00,7.680002746582e+03,0.000000000000e+00
9004,S1,7.680002746582e+03,7.680002746582e+03,0.000000000000e+00,7.680002746582e+03,0.000000000000e+00,7.680002746582e+03,7.680002746582e+03,0.000000000000e+00
9004,S2,7.680002746582e+03,0.000000000000e+00,0.000000000000e+00,7.680002746582e+03,0.000000000000e+00,7.680002746582e+03,7.680002746582e+03,3.333334624767e-01
9004,S3,7.680002746582e+03,7.680002746582e+03,0.000000000000e+00,7.680002746582e+03,0.000000000000e+00,7.680002746582e+03,7.680002746582e+03,0.000000000000e+00
9004,S4,7.680002746582e+03,7.680002746582e+03,0.000000000000e+00,7.680002746582e+03,0.000000000000e+00,7.680002746582e+03,7.680002746582e+03,0.000000000000e+00
9004,S5,7.680002746582e+03,7.680002746582e+03,0.000000000000e+00,7.680002746582e+03,0.000000000000e+00,0.000000000000e+00,7.680002746582e+03,0.000000000000e+00
9004,S6,7.680002746582e+03,7.680002746582e+03,0.000000000000e+00,7.680002746582e+03,0.000000000000e+00,0.000000000000e+00,7.680002746582e+03,0.000000000000e+00
9005,S0,7.680002746582e+03,7.680002746582e+03,0.000000000000e+00,7.680002746582e+03,0.000000000000e+00,0.000000000000e+00,7.680002746582e+03,0.000000000000e+00
9005,S1,7.680002746582e+03,7.680002746582e+03,0.000000000000e+00,7.680002746582e+03,0.000000000000e+00,7.680002746582e+03,7.680002746582e+03,0.000000000000e+00
9005,S2,7.680002746582e+03,0.000000000000e+00,0.000000000000e+00,7.680002746582e+03,0.000000000000e+00,7.680002746582e+03,7.680002746582e+03,3.333334624767e-01
9005,S3,7.680002746582e+03,7.680002746582e+03,0.000000000000e+00,7.680002746582e+03,0.000000000000e+00,7.680002746582e+03,7.680002746582e+03,0.000000000000e+00
9005,S4,7.680002746582e+03,7.680002746582e+03,0.000000000000e+00,7.680002746582e+03,0.000000000000e+00,7.680002746582e+03,7.680002746582e+03,0.000000000000e+00
9005,S5,7.680002746582e+03,7.680002746582e+03,0.000000000000e+00,7.680002746582e+03,0.000000000000e+00,0.000000000000e+00,7.680002746582e+03,0.000000000000e+00
9005,S6,7.680002746582e+03,7.680002746582e+03,0.000000000000e+00,7.680002746582e+03,0.000000000000e+00,0.000000000000e+00,7.680002746582e+03,0.000000000000e+00
9006,S0,7.680002746582e+03,7.680002746582e+03,0.000000000000e+00,7.680002746582e+03,0.000000000000e+00,0.000000000000e+00,7.680002746582e+03,0.000000000000e+00
9006,S1,7.680002746582e+03,7.680002746582e+03,0.000000000000e+00,7.680002746582e+03,0.000000000000e+00,7.680002746582e+03,7.680002746582e+03,0.000000000000e+00
9006,S2,7.680002746582e+03,0.000000000000e+00,0.000000000000e+00,7.680002746582e+03,0.000000000000e+00,7.680002746582e+03,7.680002746582e+03,3.333334624767e-01
9006,S3,7.680002746582e+03,7.680002746582e+03,0.000000000000e+00,7.680002746582e+03,0.000000000000e+00,7.680002746582e+03,7.680002746582e+03,0.000000000000e+00
9006,S4,7.680002746582e+03,7.680002746582e+03,0.000000000000e+00,7.680002746582e+03,0.000000000000e+00,7.680002746582e+03,7.680002746582e+03,0.000000000000e+00
9006,S5,7.680002746582e+03,7.680002746582e+03,0.000000000000e+00,7.680002746582e+03,0.000000000000e+00,0.000000000000e+00,7.680002746582e+03,0.000000000000e+00
9006,S6,7.680002746582e+03,7.680002746582e+03,0.000000000000e+00,7.680002746582e+03,0.000000000000e+00,0.000000000000e+00,7.680002746582e+03,0.000000000000e+00
9007,S0,7.680002746582e+03,7.680002746582e+03,0.000000000000e+00,7.680002746582e+03,0.000000000000e+00,0.000000000000e+00,7.680002746582e+03,0.000000000000e+00
9007,S1,7.680002746582e+03,7.680002746582e+03,0.000000000000e+00,7.680002746582e+03,0.000000000000e+00,7.680002746582e+03,7.680002746582e+03,0.000000000000e+00
9007,S2,7.680002746582e+03,0.000000000000e+00,0.000000000000e+00,7.680002746582e+03,0.000000000000e+00,7.680002746582e+03,7.680002746582e+03,3.333334624767e-01
9007,S3,7.680002746582e+03,7.680002746582e+03,0.000000000000e+00,7.680002746582e+03,0.000000000000e+00,7.680002746582e+03,7.680002746582e+03,0.000000000000e+00
9007,S4,7.680002746582e+03,7.680002746582e+03,0.000000000000e+00,7.680002746582e+03,0.000000000000e+00,7.680002746582e+03,7.680002746582e+03,0.000000000000e+00
9007,S5,7.680002746582e+03,7.680002746582e+03,0.000000000000e+00,7.680002746582e+03,0.000000000000e+00,0.000000000000e+00,7.680002746582e+03,0.000000000000e+00
9007,S6,7.680002746582e+03,7.680002746582e+03,0.000000000000e+00,7.680002746582e+03,0.000000000000e+00,0.000000000000e+00,7.680002746582e+03,0.000000000000e+00
9008,S0,7.680002746582e+03,7.680002746582e+03,0.000000000000e+00,7.680002746582e+03,0.000000000000e+00,0.000000000000e+00,7.680002746582e+03,0.000000000000e+00
9008,S1,7.680002746582e+03,7.680002746582e+03,0.000000000000e+00,7.680002746582e+03,0.000000000000e+00,7.680002746582e+03,7.680002746582e+03,0.000000000000e+00
9008,S2,7.680002746582e+03,0.000000000000e+00,0.000000000000e+00,7.680002746582e+03,0.000000000000e+00,7.680002746582e+03,7.680002746582e+03,3.333334624767e-01
9008,S3,7.680002746582e+03,7.680002746582e+03,0.000000000000e+00,7.680002746582e+03,0.000000000000e+00,7.680002746582e+03,7.680002746582e+03,0.000000000000e+00
9008,S4,7.680002746582e+03,7.680002746582e+03,0.000000000000e+00,7.680002746582e+03,0.000000000000e+00,7.680002746582e+03,7.680002746582e+03,0.000000000000e+00
9008,S5,7.680002746582e+03,7.680002746582e+03,0.000000000000e+00,7.680002746582e+03,0.000000000000e+00,0.000000000000e+00,7.680002746582e+03,0.000000000000e+00
9008,S6,7.680002746582e+03,7.680002746582e+03,0.000000000000e+00,7.680002746582e+03,0.000000000000e+00,0.000000000000e+00,7.680002746582e+03,0.000000000000e+00
9009,S0,7.680002746582e+03,7.680002746582e+03,0.000000000000e+00,7.680002746582e+03,0.000000000000e+00,0.000000000000e+00,7.680002746582e+03,0.000000000000e+00
9009,S1,7.680002746582e+03,7.680002746582e+03,0.000000000000e+00,7.680002746582e+03,0.000000000000e+00,7.680002746582e+03,7.680002746582e+03,0.000000000000e+00
9009,S2,7.680002746582e+03,0.000000000000e+00,0.000000000000e+00,7.680002746582e+03,0.000000000000e+00,7.680002746582e+03,7.680002746582e+03,3.333334624767e-01
9009,S3,7.680002746582e+03,7.680002746582e+03,0.000000000000e+00,7.680002746582e+03,0.000000000000e+00,7.680002746582e+03,7.680002746582e+03,0.000000000000e+00
9009,S4,7.680002746582e+03,7.680002746582e+03,0.000000000000e+00,7.680002746582e+03,0.000000000000e+00,7.680002746582e+03,7.680002746582e+03,0.000000000000e+00
9009,S5,7.680002746582e+03,7.680002746582e+03,0.000000000000e+00,7.680002746582e+03,0.000000000000e+00,0.000000000000e+00,7.680002746582e+03,0.000000000000e+00
9009,S6,7.680002746582e+03,7.680002746582e+03,0.000000000000e+00,7.680002746582e+03,0.000000000000e+00,0.000000000000e+00,7.680002746582e+03,0.000000000000e+00
9010,S0,7.680002746582e+03,7.680002746582e+03,0.000000000000e+00,7.680002746582e+03,0.000000000000e+00,0.000000000000e+00,7.680002746582e+03,0.000000000000e+00
9010,S1,7.680002746582e+03,7.680002746582e+03,0.000000000000e+00,7.680002746582e+03,0.000000000000e+00,7.680002746582e+03,7.680002746582e+03,0.000000000000e+00
9010,S2,7.680002746582e+03,0.000000000000e+00,0.000000000000e+00,7.680002746582e+03,0.000000000000e+00,7.680002746582e+03,7.680002746582e+03,3.333334624767e-01
9010,S3,7.680002746582e+03,7.680002746582e+03,0.000000000000e+00,7.680002746582e+03,0.000000000000e+00,7.680002746582e+03,7.680002746582e+03,0.000000000000e+00
9010,S4,7.680002746582e+03,7.680002746582e+03,0.000000000000e+00,7.680002746582e+03,0.000000000000e+00,7.680002746582e+03,7.680002746582e+03,0.000000000000e+00
9010,S5,7.680002746582e+03,7.680002746582e+03,0.000000000000e+00,7.680002746582e+03,0.000000000000e+00,0.000000000000e+00,7.680002746582e+03,0.000000000000e+00
9010,S6,7.680002746582e+03,7.680002746582e+03,0.000000000000e+00,7.680002746582e+03,0.000000000000e+00,0.000000000000e+00,7.680002746582e+03,0.000000000000e+00
9011,S0,7.680002746582e+03,7.680002746582e+03,0.000000000000e+00,7.680002746582e+03,0.000000000000e+00,0.000000000000e+00,7.680002746582e+03,0.000000000000e+00
9011,S1,7.680002746582e+03,7.680002746582e+03,0.000000000000e+00,7.680002746582e+03,0.000000000000e+00,7.680002746582e+03,7.680002746582e+03,0.000000000000e+00
9011,S2,7.680002746582e+03,0.000000000000e+00,0.000000000000e+00,7.680002746582e+03,0.000000000000e+00,7.680002746582e+03,7.680002746582e+03,3.333334624767e-01
9011,S3,7.680002746582e+03,7.680002746582e+03,0.000000000000e+00,7.680002746582e+03,0.000000000000e+00,7.680002746582e+03,7.680002746582e+03,0.000000000000e+00
9011,S4,7.680002746582e+03,7.680002746582e+03,0.000000000000e+00,7.680002746582e+03,0.000000000000e+00,7.680002746582e+03,7.680002746582e+03,0.000000000000e+00
9011,S5,7.680002746582e+03,7.680002746582e+03,0.000000000000e+00,7.680002746582e+03,0.000000000000e+00,0.000000000000e+00,7.680002746582e+03,0.000000000000e+00
9011,S6,7.680002746582e+03,7.680002746582e+03,0.000000000000e+00,7.680002746582e+03,0.000000000000e+00,0.000000000000e+00,7.680002746582e+03,0.000000000000e+00
9012,S0,7.680002746582e+03,7.680002746582e+03,0.000000000000e+00,7.680002746582e+03,0.000000000000e+00,0.000000000000e+00,7.680002746582e+03,0.000000000000e+00
9012,S1,7.680002746582e+03,7.680002746582e+03,0.000000000000e+00,7.680002746582e+03,0.000000000000e+00,7.680002746582e+03,7.680002746582e+03,0.000000000000e+00
9012,S2,7.680002746582e+03,0.000000000000e+00,0.000000000000e+00,7.680002746582e+03,0.000000000000e+00,7.680002746582e+03,7.680002746582e+03,3.333334624767e-01
9012,S3,7.680002746582e+03,7.680002746582e+03,0.000000000000e+00,7.680002746582e+03,0.000000000000e+00,7.680002746582e+03,7.680002746582e+03,0.000000000000e+00
9012,S4,7.680002746582e+03,7.680002746582e+03,0.000000000000e+00,7.680002746582e+03,0.000000000000e+00,7.680002746582e+03,7.680002746582e+03,0.000000000000e+00
9012,S5,7.680002746582e+03,7.680002746582e+03,0.000000000000e+00,7.680002746582e+03,0.000000000000e+00,0.000000000000e+00,7.680002746582e+03,0.000000000000e+00
9012,S6,7.680002746582e+03,7.680002746582e+03,0.000000000000e+00,7.680002746582e+03,0.000000000000e+00,0.000000000000e+00,7.680002746582e+03,0.000000000000e+00
9013,S0,7.680002746582e+03,7.680002746582e+03,0.000000000000e+00,7.680002746582e+03,0.000000000000e+00,0.000000000000e+00,7.680002746582e+03,0.000000000000e+00
9013,S1,7.680002746582e+03,7.680002746582e+03,0.000000000000e+00,7.680002746582e+03,0.000000000000e+00,7.680002746582e+03,7.680002746582e+03,0.000000000000e+00
9013,S2,7.680002746582e+03,0.000000000000e+00,0.000000000000e+00,7.680002746582e+03,0.000000000000e+00,7.680002746582e+03,7.680002746582e+03,3.333334624767e-01
9013,S3,7.680002746582e+03,7.680002746582e+03,0.000000000000e+00,7.680002746582e+03,0.000000000000e+00,7.680002746582e+03,7.680002746582e+03,0.000000000000e+00
9013,S4,7.680002746582e+03,7.680002746582e+03,0.000000000000e+00,7.680002746582e+03,0.000000000000e+00,7.680002746582e+03,7.680002746582e+03,0.000000000000e+00
9013,S5,7.680002746582e+03,7.680002746582e+03,0.000000000000e+00,7.680002746582e+03,0.000000000000e+00,0.000000000000e+00,7.680002746582e+03,0.000000000000e+00
9013,S6,7.680002746582e+03,7.680002746582e+03,0.000000000000e+00,7.680002746582e+03,0.000000000000e+00,0.000000000000e+00,7.680002746582e+03,0.000000000000e+00
9014,S0,7.680002746582e+03,7.680002746582e+03,0.000000000000e+00,7.680002746582e+03,0.000000000000e+00,0.000000000000e+00,7.680002746582e+03,0.000000000000e+00
9014,S1,7.680002746582e+03,7.680002746582e+03,0.000000000000e+00,7.680002746582e+03,0.000000000000e+00,7.680002746582e+03,7.680002746582e+03,0.000000000000e+00
9014,S2,7.680002746582e+03,0.000000000000e+00,0.000000000000e+00,7.680002746582e+03,0.000000000000e+00,7.680002746582e+03,7.680002746582e+03,3.333334624767e-01
9014,S3,7.680002746582e+03,7.680002746582e+03,0.000000000000e+00,7.680002746582e+03,0.000000000000e+00,7.680002746582e+03,7.680002746582e+03,0.000000000000e+00
9014,S4,7.680002746582e+03,7.680002746582e+03,0.000000000000e+00,7.680002746582e+03,0.000000000000e+00,7.680002746582e+03,7.680002746582e+03,0.000000000000e+00
9014,S5,7.680002746582e+03,7.680002746582e+03,0.000000000000e+00,7.680002746582e+03,0.000000000000e+00,0.000000000000e+00,7.680002746582e+03,0.000000000000e+00
9014,S6,7.680002746582e+03,7.680002746582e+03,0.000000000000e+00,7.680002746582e+03,0.000000000000e+00,0.000000000000e+00,7.680002746582e+03,0.000000000000e+00
9015,S0,7.680002746582e+03,7.680002746582e+03,0.000000000000e+00,7.680002746582e+03,0.000000000000e+00,0.000000000000e+00,7.680002746582e+03,0.000000000000e+00
9015,S1,7.680002746582e+03,7.680002746582e+03,0.000000000000e+00,7.680002746582e+03,0.000000000000e+00,7.680002746582e+03,7.680002746582e+03,0.000000000000e+00
9015,S2,7.680002746582e+03,0.000000000000e+00,0.000000000000e+00,7.680002746582e+03,0.000000000000e+00,7.680002746582e+03,7.680002746582e+03,3.333334624767e-01
9015,S3,7.680002746582e+03,7.680002746582e+03,0.000000000000e+00,7.680002746582e+03,0.000000000000e+00,7.680002746582e+03,7.680002746582e+03,0.000000000000e+00
9015,S4,7.680002746582e+03,7.680002746582e+03,0.000000000000e+00,7.680002746582e+03,0.000000000000e+00,7.680002746582e+03,7.680002746582e+03,0.000000000000e+00
9015,S5,7.680002746582e+03,7.680002746582e+03,0.000000000000e+00,7.680002746582e+03,0.000000000000e+00,0.000000000000e+00,7.680002746582e+03,0.000000000000e+00
9015,S6,7.680002746582e+03,7.680002746582e+03,0.000000000000e+00,7.680002746582e+03,0.000000000000e+00,0.000000000000e+00,7.680002746582e+03,0.000000000000e+00
9016,S0,7.680002746582e+03,7.680002746582e+03,0.000000000000e+00,7.680002746582e+03,0.000000000000e+00,0.000000000000e+00,7.680002746582e+03,0.000000000000e+00
9016,S1,7.680002746582e+03,7.680002746582e+03,0.000000000000e+00,7.680002746582e+03,0.000000000000e+00,7.680002746582e+03,7.680002746582e+03,0.000000000000e+00
9016,S2,7.680002746582e+03,0.000000000000e+00,0.000000000000e+00,7.680002746582e+03,0.000000000000e+00,7.680002746582e+03,7.680002746582e+03,3.333334624767e-01
9016,S3,7.680002746582e+03,7.680002746582e+03,0.000000000000e+00,7.680002746582e+03,0.000000000000e+00,7.680002746582e+03,7.680002746582e+03,0.000000000000e+00
9016,S4,7.680002746582e+03,7.680002746582e+03,0.000000000000e+00,7.680002746582e+03,0.000000000000e+00,7.680002746582e+03,7.680002746582e+03,0.000000000000e+00
9016,S5,7.680002746582e+03,7.680002746582e+03,0.000000000000e+00,7.680002746582e+03,0.000000000000e+00,0.000000000000e+00,7.680002746582e+03,0.000000000000e+00
9016,S6,7.680002746582e+03,7.680002746582e+03,0.000000000000e+00,7.680002746582e+03,0.000000000000e+00,0.000000000000e+00,7.680002746582e+03,0.000000000000e+00
9017,S0,7.680002746582e+03,7.680002746582e+03,0.000000000000e+00,7.680002746582e+03,0.000000000000e+00,0.000000000000e+00,7.680002746582e+03,0.000000000000e+00
9017,S1,7.680002746582e+03,7.680002746582e+03,0.000000000000e+00,7.680002746582e+03,0.000000000000e+00,7.680002746582e+03,7.680002746582e+03,0.000000000000e+00
9017,S2,7.680002746582e+03,0.000000000000e+00,0.000000000000e+00,7.680002746582e+03,0.000000000000e+00,7.680002746582e+03,7.680002746582e+03,3.333334624767e-01
9017,S3,7.680002746582e+03,7.680002746582e+03,0.000000000000e+00,7.680002746582e+03,0.000000000000e+00,7.680002746582e+03,7.680002746582e+03,0.000000000000e+00
9017,S4,7.680002746582e+03,7.680002746582e+03,0.000000000000e+00,7.680002746582e+03,0.000000000000e+00,7.680002746582e+03,7.680002746582e+03,0.000000000000e+00
9017,S5,7.680002746582e+03,7.680002746582e+03,0.000000000000e+00,7.680002746582e+03,0.000000000000e+00,0.000000000000e+00,7.680002746582e+03,0.000000000000e+00
9017,S6,7.680002746582e+03,7.680002746582e+03,0.000000000000e+00,7.680002746582e+03,0.000000000000e+00,0.000000000000e+00,7.680002746582e+03,0.000000000000e+00
9018,S0,7.680002746582e+03,7.680002746582e+03,0.000000000000e+00,7.680002746582e+03,0.000000000000e+00,0.000000000000e+00,7.680002746582e+03,0.000000000000e+00
9018,S1,7.680002746582e+03,7.680002746582e+03,0.000000000000e+00,7.680002746582e+03,0.000000000000e+00,7.680002746582e+03,7.680002746582e+03,0.000000000000e+00
9018,S2,7.680002746582e+03,0.000000000000e+00,0.000000000000e+00,7.680002746582e+03,0.000000000000e+00,7.680002746582e+03,7.680002746582e+03,3.333334624767e-01
9018,S3,7.680002746582e+03,7.680002746582e+03,0.000000000000e+00,7.680002746582e+03,0.000000000000e+00,7.680002746582e+03,7.680002746582e+03,0.000000000000e+00
9018,S4,7.680002746582e+03,7.680002746582e+03,0.000000000000e+00,7.680002746582e+03,0.000000000000e+00,7.680002746582e+03,7.680002746582e+03,0.000000000000e+00
9018,S5,7.680002746582e+03,7.680002746582e+03,0.000000000000e+00,7.680002746582e+03,0.000000000000e+00,0.000000000000e+00,7.680002746582e+03,0.000000000000e+00
9018,S6,7.680002746582e+03,7.680002746582e+03,0.000000000000e+00,7.680002746582e+03,0.000000000000e+00,0.000000000000e+00,7.680002746582e+03,0.000000000000e+00
9019,S0,7.680002746582e+03,7.680002746582e+03,0.000000000000e+00,7.680002746582e+03,0.000000000000e+00,0.000000000000e+00,7.680002746582e+03,0.000000000000e+00
9019,S1,7.680002746582e+03,7.680002746582e+03,0.000000000000e+00,7.680002746582e+03,0.000000000000e+00,7.680002746582e+03,7.680002746582e+03,0.000000000000e+00
9019,S2,7.680002746582e+03,0.000000000000e+00,0.000000000000e+00,7.680002746582e+03,0.000000000000e+00,7.680002746582e+03,7.680002746582e+03,3.333334624767e-01
9019,S3,7.680002746582e+03,7.680002746582e+03,0.000000000000e+00,7.680002746582e+03,0.000000000000e+00,7.680002746582e+03,7.680002746582e+03,0.000000000000e+00
9019,S4,7.680002746582e+03,7.680002746582e+03,0.000000000000e+00,7.680002746582e+03,0.000000000000e+00,7.680002746582e+03,7.680002746582e+03,0.000000000000e+00
9019,S5,7.680002746582e+03,7.680002746582e+03,0.000000000000e+00,7.680002746582e+03,0.000000000000e+00,0.000000000000e+00,7.680002746582e+03,0.000000000000e+00
9019,S6,7.680002746582e+03,7.680002746582e+03,0.000000000000e+00,7.680002746582e+03,0.000000000000e+00,0.000000000000e+00,7.680002746582e+03,0.000000000000e+00
